Destination,Amount,Currency,Subrate
*Exceptional,12.75,EUR,1 meal (no destination)
*Exceptional,15.5,EUR,2+ Meals (no destination)
*Exceptional,18,EUR,Travel (no destination)
*Finland,51,EUR,Full day (over 10 hours)
*Finland,24,EUR,Partial day (over 6 hours)
*Finland,51,EUR,Final day (over 6 hours)
*Finland,24,EUR,Final day (over 2 hours)
*Finland,16,EUR,Night Travel supplement
*Finland,-24,EUR,1 meal
*Finland,-51,EUR,2+ Meals
Afghanistan,59,EUR,Full day (over 24 hours)
Afghanistan,59,EUR,Final day (over 10 hours)
Afghanistan,29.5,EUR,Final day (over 2 hours)
Afghanistan,-29.5,EUR,2+ Meals
Afghanistan,16,EUR,Night Travel supplement
Albania,81,EUR,Full day (over 24 hours)
Albania,81,EUR,Final day (over 10 hours)
Albania,40.5,EUR,Final day (over 2 hours)
Albania,-40.5,EUR,2+ Meals
Albania,16,EUR,Night Travel supplement
Algeria,78,EUR,Full day (over 24 hours)
Algeria,78,EUR,Final day (over 10 hours)
Algeria,39,EUR,Final day (over 2 hours)
Algeria,-39,EUR,2+ Meals
Algeria,16,EUR,Night Travel supplement
Andorra,63,EUR,Full day (over 24 hours)
Andorra,63,EUR,Final day (over 10 hours)
Andorra,31.5,EUR,Final day (over 2 hours)
Andorra,-31.5,EUR,2+ Meals
Andorra,16,EUR,Night Travel supplement
Angola,71,EUR,Full day (over 24 hours)
Angola,71,EUR,Final day (over 10 hours)
Angola,35.5,EUR,Final day (over 2 hours)
Angola,-35.5,EUR,2+ Meals
Angola,16,EUR,Night Travel supplement
Antiqua and Barbuda,94,EUR,Full day (over 24 hours)
Antiqua and Barbuda,94,EUR,Final day (over 10 hours)
Antiqua and Barbuda,47,EUR,Final day (over 2 hours)
Antiqua and Barbuda,-47,EUR,2+ Meals
Antiqua and Barbuda,16,EUR,Night Travel supplement
"Any other country, not specified above",52,EUR,Full day (over 24 hours)
"Any other country, not specified above",52,EUR,Final day (over 10 hours)
"Any other country, not specified above",26,EUR,Final day (over 2 hours)
"Any other country, not specified above",-26,EUR,2+ Meals
"Any other country, not specified above",16,EUR,Night Travel supplement
Argentina,38,EUR,Full day (over 24 hours)
Argentina,38,EUR,Final day (over 10 hours)
Argentina,19,EUR,Final day (over 2 hours)
Argentina,-19,EUR,2+ Meals
Argentina,16,EUR,Night Travel supplement
Armenia,61,EUR,Full day (over 24 hours)
Armenia,61,EUR,Final day (over 10 hours)
Armenia,30.5,EUR,Final day (over 2 hours)
Armenia,-30.5,EUR,2+ Meals
Armenia,16,EUR,Night Travel supplement
Aruba,70,EUR,Full day (over 24 hours)
Aruba,70,EUR,Final day (over 10 hours)
Aruba,35,EUR,Final day (over 2 hours)
Aruba,-35,EUR,2+ Meals
Aruba,16,EUR,Night Travel supplement
Australia,74,EUR,Full day (over 24 hours)
Australia,74,EUR,Final day (over 10 hours)
Australia,37,EUR,Final day (over 2 hours)
Australia,-37,EUR,2+ Meals
Australia,16,EUR,Night Travel supplement
Austria,80,EUR,Full day (over 24 hours)
Austria,80,EUR,Final day (over 10 hours)
Austria,40,EUR,Final day (over 2 hours)
Austria,-40,EUR,2+ Meals
Austria,16,EUR,Night Travel supplement
Azerbaidzhan,70,EUR,Full day (over 24 hours)
Azerbaidzhan,70,EUR,Final day (over 10 hours)
Azerbaidzhan,35,EUR,Final day (over 2 hours)
Azerbaidzhan,-35,EUR,2+ Meals
Azerbaidzhan,16,EUR,Night Travel supplement
Azores,69,EUR,Full day (over 24 hours)
Azores,69,EUR,Final day (over 10 hours)
Azores,34.5,EUR,Final day (over 2 hours)
Azores,-34.5,EUR,2+ Meals
Azores,16,EUR,Night Travel supplement
Bahamas,91,EUR,Full day (over 24 hours)
Bahamas,91,EUR,Final day (over 10 hours)
Bahamas,45.5,EUR,Final day (over 2 hours)
Bahamas,-45.5,EUR,2+ Meals
Bahamas,16,EUR,Night Travel supplement
Bahrain,80,EUR,Full day (over 24 hours)
Bahrain,80,EUR,Final day (over 10 hours)
Bahrain,40,EUR,Final day (over 2 hours)
Bahrain,-40,EUR,2+ Meals
Bahrain,16,EUR,Night Travel supplement
Bangladesh,57,EUR,Full day (over 24 hours)
Bangladesh,57,EUR,Final day (over 10 hours)
Bangladesh,28.5,EUR,Final day (over 2 hours)
Bangladesh,-28.5,EUR,2+ Meals
Bangladesh,16,EUR,Night Travel supplement
Barbados,83,EUR,Full day (over 24 hours)
Barbados,83,EUR,Final day (over 10 hours)
Barbados,41.5,EUR,Final day (over 2 hours)
Barbados,-41.5,EUR,2+ Meals
Barbados,16,EUR,Night Travel supplement
Belarus,63,EUR,Full day (over 24 hours)
Belarus,63,EUR,Final day (over 10 hours)
Belarus,31.5,EUR,Final day (over 2 hours)
Belarus,-31.5,EUR,2+ Meals
Belarus,16,EUR,Night Travel supplement
Belgium,77,EUR,Full day (over 24 hours)
Belgium,77,EUR,Final day (over 10 hours)
Belgium,38.5,EUR,Final day (over 2 hours)
Belgium,-38.5,EUR,2+ Meals
Belgium,16,EUR,Night Travel supplement
Belize,52,EUR,Full day (over 24 hours)
Belize,52,EUR,Final day (over 10 hours)
Belize,26,EUR,Final day (over 2 hours)
Belize,-26,EUR,2+ Meals
Belize,16,EUR,Night Travel supplement
Benin,47,EUR,Full day (over 24 hours)
Benin,47,EUR,Final day (over 10 hours)
Benin,23.5,EUR,Final day (over 2 hours)
Benin,-23.5,EUR,2+ Meals
Benin,16,EUR,Night Travel supplement
Bermuda,90,EUR,Full day (over 24 hours)
Bermuda,90,EUR,Final day (over 10 hours)
Bermuda,45,EUR,Final day (over 2 hours)
Bermuda,-45,EUR,2+ Meals
Bermuda,16,EUR,Night Travel supplement
Bhutan,49,EUR,Full day (over 24 hours)
Bhutan,49,EUR,Final day (over 10 hours)
Bhutan,24.5,EUR,Final day (over 2 hours)
Bhutan,-24.5,EUR,2+ Meals
Bhutan,16,EUR,Night Travel supplement
Bolivia,48,EUR,Full day (over 24 hours)
Bolivia,48,EUR,Final day (over 10 hours)
Bolivia,24,EUR,Final day (over 2 hours)
Bolivia,-24,EUR,2+ Meals
Bolivia,16,EUR,Night Travel supplement
Bosnia and Hercegovina,54,EUR,Full day (over 24 hours)
Bosnia and Hercegovina,54,EUR,Final day (over 10 hours)
Bosnia and Hercegovina,27,EUR,Final day (over 2 hours)
Bosnia and Hercegovina,-27,EUR,2+ Meals
Bosnia and Hercegovina,16,EUR,Night Travel supplement
Botswana,41,EUR,Full day (over 24 hours)
Botswana,41,EUR,Final day (over 10 hours)
Botswana,20.5,EUR,Final day (over 2 hours)
Botswana,-20.5,EUR,2+ Meals
Botswana,16,EUR,Night Travel supplement
Brazil,80,EUR,Full day (over 24 hours)
Brazil,80,EUR,Final day (over 10 hours)
Brazil,40,EUR,Final day (over 2 hours)
Brazil,-40,EUR,2+ Meals
Brazil,16,EUR,Night Travel supplement
Brunei,45,EUR,Full day (over 24 hours)
Brunei,45,EUR,Final day (over 10 hours)
Brunei,22.5,EUR,Final day (over 2 hours)
Brunei,-22.5,EUR,2+ Meals
Brunei,16,EUR,Night Travel supplement
Bulgaria,64,EUR,Full day (over 24 hours)
Bulgaria,64,EUR,Final day (over 10 hours)
Bulgaria,32,EUR,Final day (over 2 hours)
Bulgaria,-32,EUR,2+ Meals
Bulgaria,16,EUR,Night Travel supplement
Burkina Faso,40,EUR,Full day (over 24 hours)
Burkina Faso,40,EUR,Final day (over 10 hours)
Burkina Faso,20,EUR,Final day (over 2 hours)
Burkina Faso,-20,EUR,2+ Meals
Burkina Faso,16,EUR,Night Travel supplement
Burundi,46,EUR,Full day (over 24 hours)
Burundi,46,EUR,Final day (over 10 hours)
Burundi,23,EUR,Final day (over 2 hours)
Burundi,-23,EUR,2+ Meals
Burundi,16,EUR,Night Travel supplement
Cambodia,67,EUR,Full day (over 24 hours)
Cambodia,67,EUR,Final day (over 10 hours)
Cambodia,33.5,EUR,Final day (over 2 hours)
Cambodia,-33.5,EUR,2+ Meals
Cambodia,16,EUR,Night Travel supplement
Cameroon,59,EUR,Full day (over 24 hours)
Cameroon,59,EUR,Final day (over 10 hours)
Cameroon,29.5,EUR,Final day (over 2 hours)
Cameroon,-29.5,EUR,2+ Meals
Cameroon,16,EUR,Night Travel supplement
Canada,82,EUR,Full day (over 24 hours)
Canada,82,EUR,Final day (over 10 hours)
Canada,41,EUR,Final day (over 2 hours)
Canada,-41,EUR,2+ Meals
Canada,16,EUR,Night Travel supplement
Canary Islands,71,EUR,Full day (over 24 hours)
Canary Islands,71,EUR,Final day (over 10 hours)
Canary Islands,35.5,EUR,Final day (over 2 hours)
Canary Islands,-35.5,EUR,2+ Meals
Canary Islands,16,EUR,Night Travel supplement
Cape Verde,45,EUR,Full day (over 24 hours)
Cape Verde,45,EUR,Final day (over 10 hours)
Cape Verde,22.5,EUR,Final day (over 2 hours)
Cape Verde,-22.5,EUR,2+ Meals
Cape Verde,16,EUR,Night Travel supplement
Central African Republic,101,EUR,Full day (over 24 hours)
Central African Republic,101,EUR,Final day (over 10 hours)
Central African Republic,50.5,EUR,Final day (over 2 hours)
Central African Republic,-50.5,EUR,2+ Meals
Central African Republic,16,EUR,Night Travel supplement
Chad,47,EUR,Full day (over 24 hours)
Chad,47,EUR,Final day (over 10 hours)
Chad,23.5,EUR,Final day (over 2 hours)
Chad,-23.5,EUR,2+ Meals
Chad,16,EUR,Night Travel supplement
Chile,56,EUR,Full day (over 24 hours)
Chile,56,EUR,Final day (over 10 hours)
Chile,28,EUR,Final day (over 2 hours)
Chile,-28,EUR,2+ Meals
Chile,16,EUR,Night Travel supplement
China,74,EUR,Full day (over 24 hours)
China,74,EUR,Final day (over 10 hours)
China,37,EUR,Final day (over 2 hours)
China,-37,EUR,2+ Meals
China,16,EUR,Night Travel supplement
Colombia,64,EUR,Full day (over 24 hours)
Colombia,64,EUR,Final day (over 10 hours)
Colombia,32,EUR,Final day (over 2 hours)
Colombia,-32,EUR,2+ Meals
Colombia,16,EUR,Night Travel supplement
Comoros,42,EUR,Full day (over 24 hours)
Comoros,42,EUR,Final day (over 10 hours)
Comoros,21,EUR,Final day (over 2 hours)
Comoros,-21,EUR,2+ Meals
Comoros,16,EUR,Night Travel supplement
Congo (Congo-Brazzaville),64,EUR,Full day (over 24 hours)
Congo (Congo-Brazzaville),64,EUR,Final day (over 10 hours)
Congo (Congo-Brazzaville),32,EUR,Final day (over 2 hours)
Congo (Congo-Brazzaville),-32,EUR,2+ Meals
Congo (Congo-Brazzaville),16,EUR,Night Travel supplement
"Congo, Democratic Republic of (Congo-Kinshasa)",51,EUR,Full day (over 24 hours)
"Congo, Democratic Republic of (Congo-Kinshasa)",51,EUR,Final day (over 10 hours)
"Congo, Democratic Republic of (Congo-Kinshasa)",25.5,EUR,Final day (over 2 hours)
"Congo, Democratic Republic of (Congo-Kinshasa)",-25.5,EUR,2+ Meals
"Congo, Democratic Republic of (Congo-Kinshasa)",16,EUR,Night Travel supplement
Cook Islands,70,EUR,Full day (over 24 hours)
Cook Islands,70,EUR,Final day (over 10 hours)
Cook Islands,35,EUR,Final day (over 2 hours)
Cook Islands,-35,EUR,2+ Meals
Cook Islands,16,EUR,Night Travel supplement
Costa Rica,65,EUR,Full day (over 24 hours)
Costa Rica,65,EUR,Final day (over 10 hours)
Costa Rica,32.5,EUR,Final day (over 2 hours)
Costa Rica,-32.5,EUR,2+ Meals
Costa Rica,16,EUR,Night Travel supplement
"Côte d’Ivoire, Ivory Coast",80,EUR,Full day (over 24 hours)
"Côte d’Ivoire, Ivory Coast",80,EUR,Final day (over 10 hours)
"Côte d’Ivoire, Ivory Coast",40,EUR,Final day (over 2 hours)
"Côte d’Ivoire, Ivory Coast",-40,EUR,2+ Meals
"Côte d’Ivoire, Ivory Coast",16,EUR,Night Travel supplement
Croatia,69,EUR,Full day (over 24 hours)
Croatia,69,EUR,Final day (over 10 hours)
Croatia,34.5,EUR,Final day (over 2 hours)
Croatia,-34.5,EUR,2+ Meals
Croatia,16,EUR,Night Travel supplement
Cuba,68,EUR,Full day (over 24 hours)
Cuba,68,EUR,Final day (over 10 hours)
Cuba,34,EUR,Final day (over 2 hours)
Cuba,-34,EUR,2+ Meals
Cuba,16,EUR,Night Travel supplement
Curaçao,58,EUR,Full day (over 24 hours)
Curaçao,58,EUR,Final day (over 10 hours)
Curaçao,29,EUR,Final day (over 2 hours)
Curaçao,-29,EUR,2+ Meals
Curaçao,16,EUR,Night Travel supplement
Cyprus,65,EUR,Full day (over 24 hours)
Cyprus,65,EUR,Final day (over 10 hours)
Cyprus,32.5,EUR,Final day (over 2 hours)
Cyprus,-32.5,EUR,2+ Meals
Cyprus,16,EUR,Night Travel supplement
Czech Republic,89,EUR,Full day (over 24 hours)
Czech Republic,89,EUR,Final day (over 10 hours)
Czech Republic,44.5,EUR,Final day (over 2 hours)
Czech Republic,-44.5,EUR,2+ Meals
Czech Republic,16,EUR,Night Travel supplement
Denmark,79,EUR,Full day (over 24 hours)
Denmark,79,EUR,Final day (over 10 hours)
Denmark,39.5,EUR,Final day (over 2 hours)
Denmark,-39.5,EUR,2+ Meals
Denmark,16,EUR,Night Travel supplement
Djibouti,83,EUR,Full day (over 24 hours)
Djibouti,83,EUR,Final day (over 10 hours)
Djibouti,41.5,EUR,Final day (over 2 hours)
Djibouti,-41.5,EUR,2+ Meals
Djibouti,16,EUR,Night Travel supplement
Dominica,61,EUR,Full day (over 24 hours)
Dominica,61,EUR,Final day (over 10 hours)
Dominica,30.5,EUR,Final day (over 2 hours)
Dominica,-30.5,EUR,2+ Meals
Dominica,16,EUR,Night Travel supplement
Dominican Republic,53,EUR,Full day (over 24 hours)
Dominican Republic,53,EUR,Final day (over 10 hours)
Dominican Republic,26.5,EUR,Final day (over 2 hours)
Dominican Republic,-26.5,EUR,2+ Meals
Dominican Republic,16,EUR,Night Travel supplement
East Timor,46,EUR,Full day (over 24 hours)
East Timor,46,EUR,Final day (over 10 hours)
East Timor,23,EUR,Final day (over 2 hours)
East Timor,-23,EUR,2+ Meals
East Timor,16,EUR,Night Travel supplement
Ecuador,63,EUR,Full day (over 24 hours)
Ecuador,63,EUR,Final day (over 10 hours)
Ecuador,31.5,EUR,Final day (over 2 hours)
Ecuador,-31.5,EUR,2+ Meals
Ecuador,16,EUR,Night Travel supplement
Egypt,66,EUR,Full day (over 24 hours)
Egypt,66,EUR,Final day (over 10 hours)
Egypt,33,EUR,Final day (over 2 hours)
Egypt,-33,EUR,2+ Meals
Egypt,16,EUR,Night Travel supplement
El Salvador,60,EUR,Full day (over 24 hours)
El Salvador,60,EUR,Final day (over 10 hours)
El Salvador,30,EUR,Final day (over 2 hours)
El Salvador,-30,EUR,2+ Meals
El Salvador,16,EUR,Night Travel supplement
Eritrea,95,EUR,Full day (over 24 hours)
Eritrea,95,EUR,Final day (over 10 hours)
Eritrea,47.5,EUR,Final day (over 2 hours)
Eritrea,-47.5,EUR,2+ Meals
Eritrea,16,EUR,Night Travel supplement
Estonia,75,EUR,Full day (over 24 hours)
Estonia,75,EUR,Final day (over 10 hours)
Estonia,37.5,EUR,Final day (over 2 hours)
Estonia,-37.5,EUR,2+ Meals
Estonia,16,EUR,Night Travel supplement
Eswatini,37,EUR,Full day (over 24 hours)
Eswatini,37,EUR,Final day (over 10 hours)
Eswatini,18.5,EUR,Final day (over 2 hours)
Eswatini,-18.5,EUR,2+ Meals
Eswatini,16,EUR,Night Travel supplement
Ethiopia,49,EUR,Full day (over 24 hours)
Ethiopia,49,EUR,Final day (over 10 hours)
Ethiopia,24.5,EUR,Final day (over 2 hours)
Ethiopia,-24.5,EUR,2+ Meals
Ethiopia,16,EUR,Night Travel supplement
Faroe Islands,61,EUR,Full day (over 24 hours)
Faroe Islands,61,EUR,Final day (over 10 hours)
Faroe Islands,30.5,EUR,Final day (over 2 hours)
Faroe Islands,-30.5,EUR,2+ Meals
Faroe Islands,16,EUR,Night Travel supplement
Fiji,52,EUR,Full day (over 24 hours)
Fiji,52,EUR,Final day (over 10 hours)
Fiji,26,EUR,Final day (over 2 hours)
Fiji,-26,EUR,2+ Meals
Fiji,16,EUR,Night Travel supplement
France,78,EUR,Full day (over 24 hours)
France,78,EUR,Final day (over 10 hours)
France,39,EUR,Final day (over 2 hours)
France,-39,EUR,2+ Meals
France,16,EUR,Night Travel supplement
Gabon,92,EUR,Full day (over 24 hours)
Gabon,92,EUR,Final day (over 10 hours)
Gabon,46,EUR,Final day (over 2 hours)
Gabon,-46,EUR,2+ Meals
Gabon,16,EUR,Night Travel supplement
Gambia,46,EUR,Full day (over 24 hours)
Gambia,46,EUR,Final day (over 10 hours)
Gambia,23,EUR,Final day (over 2 hours)
Gambia,-23,EUR,2+ Meals
Gambia,16,EUR,Night Travel supplement
Georgia,49,EUR,Full day (over 24 hours)
Georgia,49,EUR,Final day (over 10 hours)
Georgia,24.5,EUR,Final day (over 2 hours)
Georgia,-24.5,EUR,2+ Meals
Georgia,16,EUR,Night Travel supplement
Germany,76,EUR,Full day (over 24 hours)
Germany,76,EUR,Final day (over 10 hours)
Germany,38,EUR,Final day (over 2 hours)
Germany,-38,EUR,2+ Meals
Germany,16,EUR,Night Travel supplement
Ghana,47,EUR,Full day (over 24 hours)
Ghana,47,EUR,Final day (over 10 hours)
Ghana,23.5,EUR,Final day (over 2 hours)
Ghana,-23.5,EUR,2+ Meals
Ghana,16,EUR,Night Travel supplement
Greece,68,EUR,Full day (over 24 hours)
Greece,68,EUR,Final day (over 10 hours)
Greece,34,EUR,Final day (over 2 hours)
Greece,-34,EUR,2+ Meals
Greece,16,EUR,Night Travel supplement
Greenland,63,EUR,Full day (over 24 hours)
Greenland,63,EUR,Final day (over 10 hours)
Greenland,31.5,EUR,Final day (over 2 hours)
Greenland,-31.5,EUR,2+ Meals
Greenland,16,EUR,Night Travel supplement
Grenada,73,EUR,Full day (over 24 hours)
Grenada,73,EUR,Final day (over 10 hours)
Grenada,36.5,EUR,Final day (over 2 hours)
Grenada,-36.5,EUR,2+ Meals
Grenada,16,EUR,Night Travel supplement
Guadeloupe,53,EUR,Full day (over 24 hours)
Guadeloupe,53,EUR,Final day (over 10 hours)
Guadeloupe,26.5,EUR,Final day (over 2 hours)
Guadeloupe,-26.5,EUR,2+ Meals
Guadeloupe,16,EUR,Night Travel supplement
Guatemala,76,EUR,Full day (over 24 hours)
Guatemala,76,EUR,Final day (over 10 hours)
Guatemala,38,EUR,Final day (over 2 hours)
Guatemala,-38,EUR,2+ Meals
Guatemala,16,EUR,Night Travel supplement
Guinea,83,EUR,Full day (over 24 hours)
Guinea,83,EUR,Final day (over 10 hours)
Guinea,41.5,EUR,Final day (over 2 hours)
Guinea,-41.5,EUR,2+ Meals
Guinea,16,EUR,Night Travel supplement
Guinea-Bissau,41,EUR,Full day (over 24 hours)
Guinea-Bissau,41,EUR,Final day (over 10 hours)
Guinea-Bissau,20.5,EUR,Final day (over 2 hours)
Guinea-Bissau,-20.5,EUR,2+ Meals
Guinea-Bissau,16,EUR,Night Travel supplement
Guyana,51,EUR,Full day (over 24 hours)
Guyana,51,EUR,Final day (over 10 hours)
Guyana,25.5,EUR,Final day (over 2 hours)
Guyana,-25.5,EUR,2+ Meals
Guyana,16,EUR,Night Travel supplement
Haiti,62,EUR,Full day (over 24 hours)
Haiti,62,EUR,Final day (over 10 hours)
Haiti,31,EUR,Final day (over 2 hours)
Haiti,-31,EUR,2+ Meals
Haiti,16,EUR,Night Travel supplement
Honduras,58,EUR,Full day (over 24 hours)
Honduras,58,EUR,Final day (over 10 hours)
Honduras,29,EUR,Final day (over 2 hours)
Honduras,-29,EUR,2+ Meals
Honduras,16,EUR,Night Travel supplement
Hong Kong,86,EUR,Full day (over 24 hours)
Hong Kong,86,EUR,Final day (over 10 hours)
Hong Kong,43,EUR,Final day (over 2 hours)
Hong Kong,-43,EUR,2+ Meals
Hong Kong,16,EUR,Night Travel supplement
Hungary,69,EUR,Full day (over 24 hours)
Hungary,69,EUR,Final day (over 10 hours)
Hungary,34.5,EUR,Final day (over 2 hours)
Hungary,-34.5,EUR,2+ Meals
Hungary,16,EUR,Night Travel supplement
Iceland,92,EUR,Full day (over 24 hours)
Iceland,92,EUR,Final day (over 10 hours)
Iceland,46,EUR,Final day (over 2 hours)
Iceland,-46,EUR,2+ Meals
Iceland,16,EUR,Night Travel supplement
India,62,EUR,Full day (over 24 hours)
India,62,EUR,Final day (over 10 hours)
India,31,EUR,Final day (over 2 hours)
India,-31,EUR,2+ Meals
India,16,EUR,Night Travel supplement
Indonesia,57,EUR,Full day (over 24 hours)
Indonesia,57,EUR,Final day (over 10 hours)
Indonesia,28.5,EUR,Final day (over 2 hours)
Indonesia,-28.5,EUR,2+ Meals
Indonesia,16,EUR,Night Travel supplement
Iran,102,EUR,Full day (over 24 hours)
Iran,102,EUR,Final day (over 10 hours)
Iran,51,EUR,Final day (over 2 hours)
Iran,-51,EUR,2+ Meals
Iran,16,EUR,Night Travel supplement
Iraq,70,EUR,Full day (over 24 hours)
Iraq,70,EUR,Final day (over 10 hours)
Iraq,35,EUR,Final day (over 2 hours)
Iraq,-35,EUR,2+ Meals
Iraq,16,EUR,Night Travel supplement
Ireland,78,EUR,Full day (over 24 hours)
Ireland,78,EUR,Final day (over 10 hours)
Ireland,39,EUR,Final day (over 2 hours)
Ireland,-39,EUR,2+ Meals
Ireland,16,EUR,Night Travel supplement
Israel,88,EUR,Full day (over 24 hours)
Israel,88,EUR,Final day (over 10 hours)
Israel,44,EUR,Final day (over 2 hours)
Israel,-44,EUR,2+ Meals
Israel,16,EUR,Night Travel supplement
Istanbul,37,EUR,Full day (over 24 hours)
Istanbul,37,EUR,Final day (over 10 hours)
Istanbul,18.5,EUR,Final day (over 2 hours)
Istanbul,-18.5,EUR,2+ Meals
Istanbul,16,EUR,Night Travel supplement
Italy,76,EUR,Full day (over 24 hours)
Italy,76,EUR,Final day (over 10 hours)
Italy,38,EUR,Final day (over 2 hours)
Italy,-38,EUR,2+ Meals
Italy,16,EUR,Night Travel supplement
"Ivory Coast, Côte d’Ivoire",80,EUR,Full day (over 24 hours)
"Ivory Coast, Côte d’Ivoire",80,EUR,Final day (over 10 hours)
"Ivory Coast, Côte d’Ivoire",40,EUR,Final day (over 2 hours)
"Ivory Coast, Côte d’Ivoire",-40,EUR,2+ Meals
"Ivory Coast, Côte d’Ivoire",16,EUR,Night Travel supplement
Jamaica,62,EUR,Full day (over 24 hours)
Jamaica,62,EUR,Final day (over 10 hours)
Jamaica,31,EUR,Final day (over 2 hours)
Jamaica,-31,EUR,2+ Meals
Jamaica,16,EUR,Night Travel supplement
Japan,66,EUR,Full day (over 24 hours)
Japan,66,EUR,Final day (over 10 hours)
Japan,33,EUR,Final day (over 2 hours)
Japan,-33,EUR,2+ Meals
Japan,16,EUR,Night Travel supplement
Jordania,90,EUR,Full day (over 24 hours)
Jordania,90,EUR,Final day (over 10 hours)
Jordania,45,EUR,Final day (over 2 hours)
Jordania,-45,EUR,2+ Meals
Jordania,16,EUR,Night Travel supplement
Kazakhstan,59,EUR,Full day (over 24 hours)
Kazakhstan,59,EUR,Final day (over 10 hours)
Kazakhstan,29.5,EUR,Final day (over 2 hours)
Kazakhstan,-29.5,EUR,2+ Meals
Kazakhstan,16,EUR,Night Travel supplement
Kenya,70,EUR,Full day (over 24 hours)
Kenya,70,EUR,Final day (over 10 hours)
Kenya,35,EUR,Final day (over 2 hours)
Kenya,-35,EUR,2+ Meals
Kenya,16,EUR,Night Travel supplement
"Korea, Democratic People's Republic (North Korea)",70,EUR,Full day (over 24 hours)
"Korea, Democratic People's Republic (North Korea)",70,EUR,Final day (over 10 hours)
"Korea, Democratic People's Republic (North Korea)",35,EUR,Final day (over 2 hours)
"Korea, Democratic People's Republic (North Korea)",-35,EUR,2+ Meals
"Korea, Democratic People's Republic (North Korea)",16,EUR,Night Travel supplement
"Korea, Republic of (South Korea)",87,EUR,Full day (over 24 hours)
"Korea, Republic of (South Korea)",87,EUR,Final day (over 10 hours)
"Korea, Republic of (South Korea)",43.5,EUR,Final day (over 2 hours)
"Korea, Republic of (South Korea)",-43.5,EUR,2+ Meals
"Korea, Republic of (South Korea)",16,EUR,Night Travel supplement
Kosovo,58,EUR,Full day (over 24 hours)
Kosovo,58,EUR,Final day (over 10 hours)
Kosovo,29,EUR,Final day (over 2 hours)
Kosovo,-29,EUR,2+ Meals
Kosovo,16,EUR,Night Travel supplement
Kuwait,84,EUR,Full day (over 24 hours)
Kuwait,84,EUR,Final day (over 10 hours)
Kuwait,42,EUR,Final day (over 2 hours)
Kuwait,-42,EUR,2+ Meals
Kuwait,16,EUR,Night Travel supplement
Kyrgystan,41,EUR,Full day (over 24 hours)
Kyrgystan,41,EUR,Final day (over 10 hours)
Kyrgystan,20.5,EUR,Final day (over 2 hours)
Kyrgystan,-20.5,EUR,2+ Meals
Kyrgystan,16,EUR,Night Travel supplement
Laos,32,EUR,Full day (over 24 hours)
Laos,32,EUR,Final day (over 10 hours)
Laos,16,EUR,Final day (over 2 hours)
Laos,-16,EUR,2+ Meals
Laos,16,EUR,Night Travel supplement
Latvia,73,EUR,Full day (over 24 hours)
Latvia,73,EUR,Final day (over 10 hours)
Latvia,36.5,EUR,Final day (over 2 hours)
Latvia,-36.5,EUR,2+ Meals
Latvia,16,EUR,Night Travel supplement
Lebanon,102,EUR,Full day (over 24 hours)
Lebanon,102,EUR,Final day (over 10 hours)
Lebanon,51,EUR,Final day (over 2 hours)
Lebanon,-51,EUR,2+ Meals
Lebanon,16,EUR,Night Travel supplement
Lesotho,34,EUR,Full day (over 24 hours)
Lesotho,34,EUR,Final day (over 10 hours)
Lesotho,17,EUR,Final day (over 2 hours)
Lesotho,-17,EUR,2+ Meals
Lesotho,16,EUR,Night Travel supplement
Liberia,60,EUR,Full day (over 24 hours)
Liberia,60,EUR,Final day (over 10 hours)
Liberia,30,EUR,Final day (over 2 hours)
Liberia,-30,EUR,2+ Meals
Liberia,16,EUR,Night Travel supplement
Libya,52,EUR,Full day (over 24 hours)
Libya,52,EUR,Final day (over 10 hours)
Libya,26,EUR,Final day (over 2 hours)
Libya,-26,EUR,2+ Meals
Libya,16,EUR,Night Travel supplement
Liechtenstein,79,EUR,Full day (over 24 hours)
Liechtenstein,79,EUR,Final day (over 10 hours)
Liechtenstein,39.5,EUR,Final day (over 2 hours)
Liechtenstein,-39.5,EUR,2+ Meals
Liechtenstein,16,EUR,Night Travel supplement
Lithuania,72,EUR,Full day (over 24 hours)
Lithuania,72,EUR,Final day (over 10 hours)
Lithuania,36,EUR,Final day (over 2 hours)
Lithuania,-36,EUR,2+ Meals
Lithuania,16,EUR,Night Travel supplement
London and Edinburgh,83,EUR,Full day (over 24 hours)
London and Edinburgh,83,EUR,Final day (over 10 hours)
London and Edinburgh,41.5,EUR,Final day (over 2 hours)
London and Edinburgh,-41.5,EUR,2+ Meals
London and Edinburgh,16,EUR,Night Travel supplement
Luxembourg,77,EUR,Full day (over 24 hours)
Luxembourg,77,EUR,Final day (over 10 hours)
Luxembourg,38.5,EUR,Final day (over 2 hours)
Luxembourg,-38.5,EUR,2+ Meals
Luxembourg,16,EUR,Night Travel supplement
Madagascar,45,EUR,Full day (over 24 hours)
Madagascar,45,EUR,Final day (over 10 hours)
Madagascar,22.5,EUR,Final day (over 2 hours)
Madagascar,-22.5,EUR,2+ Meals
Madagascar,16,EUR,Night Travel supplement
Madeira,68,EUR,Full day (over 24 hours)
Madeira,68,EUR,Final day (over 10 hours)
Madeira,34,EUR,Final day (over 2 hours)
Madeira,-34,EUR,2+ Meals
Madeira,16,EUR,Night Travel supplement
Malawi,77,EUR,Full day (over 24 hours)
Malawi,77,EUR,Final day (over 10 hours)
Malawi,38.5,EUR,Final day (over 2 hours)
Malawi,-38.5,EUR,2+ Meals
Malawi,16,EUR,Night Travel supplement
Malaysia,50,EUR,Full day (over 24 hours)
Malaysia,50,EUR,Final day (over 10 hours)
Malaysia,25,EUR,Final day (over 2 hours)
Malaysia,-25,EUR,2+ Meals
Malaysia,16,EUR,Night Travel supplement
Maldives,68,EUR,Full day (over 24 hours)
Maldives,68,EUR,Final day (over 10 hours)
Maldives,34,EUR,Final day (over 2 hours)
Maldives,-34,EUR,2+ Meals
Maldives,16,EUR,Night Travel supplement
Mali,47,EUR,Full day (over 24 hours)
Mali,47,EUR,Final day (over 10 hours)
Mali,23.5,EUR,Final day (over 2 hours)
Mali,-23.5,EUR,2+ Meals
Mali,16,EUR,Night Travel supplement
Malta,71,EUR,Full day (over 24 hours)
Malta,71,EUR,Final day (over 10 hours)
Malta,35.5,EUR,Final day (over 2 hours)
Malta,-35.5,EUR,2+ Meals
Malta,16,EUR,Night Travel supplement
Marshall Islands,65,EUR,Full day (over 24 hours)
Marshall Islands,65,EUR,Final day (over 10 hours)
Marshall Islands,32.5,EUR,Final day (over 2 hours)
Marshall Islands,-32.5,EUR,2+ Meals
Marshall Islands,16,EUR,Night Travel supplement
Martinique,55,EUR,Full day (over 24 hours)
Martinique,55,EUR,Final day (over 10 hours)
Martinique,27.5,EUR,Final day (over 2 hours)
Martinique,-27.5,EUR,2+ Meals
Martinique,16,EUR,Night Travel supplement
Mauritania,52,EUR,Full day (over 24 hours)
Mauritania,52,EUR,Final day (over 10 hours)
Mauritania,26,EUR,Final day (over 2 hours)
Mauritania,-26,EUR,2+ Meals
Mauritania,16,EUR,Night Travel supplement
Mauritius,53,EUR,Full day (over 24 hours)
Mauritius,53,EUR,Final day (over 10 hours)
Mauritius,26.5,EUR,Final day (over 2 hours)
Mauritius,-26.5,EUR,2+ Meals
Mauritius,16,EUR,Night Travel supplement
Mexico,81,EUR,Full day (over 24 hours)
Mexico,81,EUR,Final day (over 10 hours)
Mexico,40.5,EUR,Final day (over 2 hours)
Mexico,-40.5,EUR,2+ Meals
Mexico,16,EUR,Night Travel supplement
Micronesia,59,EUR,Full day (over 24 hours)
Micronesia,59,EUR,Final day (over 10 hours)
Micronesia,29.5,EUR,Final day (over 2 hours)
Micronesia,-29.5,EUR,2+ Meals
Micronesia,16,EUR,Night Travel supplement
Moldova,73,EUR,Full day (over 24 hours)
Moldova,73,EUR,Final day (over 10 hours)
Moldova,36.5,EUR,Final day (over 2 hours)
Moldova,-36.5,EUR,2+ Meals
Moldova,16,EUR,Night Travel supplement
Monaco,92,EUR,Full day (over 24 hours)
Monaco,92,EUR,Final day (over 10 hours)
Monaco,46,EUR,Final day (over 2 hours)
Monaco,-46,EUR,2+ Meals
Monaco,16,EUR,Night Travel supplement
Mongolia,42,EUR,Full day (over 24 hours)
Mongolia,42,EUR,Final day (over 10 hours)
Mongolia,21,EUR,Final day (over 2 hours)
Mongolia,-21,EUR,2+ Meals
Mongolia,16,EUR,Night Travel supplement
Montenegro,66,EUR,Full day (over 24 hours)
Montenegro,66,EUR,Final day (over 10 hours)
Montenegro,33,EUR,Final day (over 2 hours)
Montenegro,-33,EUR,2+ Meals
Montenegro,16,EUR,Night Travel supplement
Morocco,71,EUR,Full day (over 24 hours)
Morocco,71,EUR,Final day (over 10 hours)
Morocco,35.5,EUR,Final day (over 2 hours)
Morocco,-35.5,EUR,2+ Meals
Morocco,16,EUR,Night Travel supplement
Moscow,82,EUR,Full day (over 24 hours)
Moscow,82,EUR,Final day (over 10 hours)
Moscow,41,EUR,Final day (over 2 hours)
Moscow,-41,EUR,2+ Meals
Moscow,16,EUR,Night Travel supplement
Mozambique,53,EUR,Full day (over 24 hours)
Mozambique,53,EUR,Final day (over 10 hours)
Mozambique,26.5,EUR,Final day (over 2 hours)
Mozambique,-26.5,EUR,2+ Meals
Mozambique,16,EUR,Night Travel supplement
Myanmar (formerly Burma),58,EUR,Full day (over 24 hours)
Myanmar (formerly Burma),58,EUR,Final day (over 10 hours)
Myanmar (formerly Burma),29,EUR,Final day (over 2 hours)
Myanmar (formerly Burma),-29,EUR,2+ Meals
Myanmar (formerly Burma),16,EUR,Night Travel supplement
Namibia,36,EUR,Full day (over 24 hours)
Namibia,36,EUR,Final day (over 10 hours)
Namibia,18,EUR,Final day (over 2 hours)
Namibia,-18,EUR,2+ Meals
Namibia,16,EUR,Night Travel supplement
Nepal,51,EUR,Full day (over 24 hours)
Nepal,51,EUR,Final day (over 10 hours)
Nepal,25.5,EUR,Final day (over 2 hours)
Nepal,-25.5,EUR,2+ Meals
Nepal,16,EUR,Night Travel supplement
Netherlands,83,EUR,Full day (over 24 hours)
Netherlands,83,EUR,Final day (over 10 hours)
Netherlands,41.5,EUR,Final day (over 2 hours)
Netherlands,-41.5,EUR,2+ Meals
Netherlands,16,EUR,Night Travel supplement
"New York, Los Angeles, Washington",97,EUR,Full day (over 24 hours)
"New York, Los Angeles, Washington",97,EUR,Final day (over 10 hours)
"New York, Los Angeles, Washington",48.5,EUR,Final day (over 2 hours)
"New York, Los Angeles, Washington",-48.5,EUR,2+ Meals
"New York, Los Angeles, Washington",16,EUR,Night Travel supplement
New Zealand,74,EUR,Full day (over 24 hours)
New Zealand,74,EUR,Final day (over 10 hours)
New Zealand,37,EUR,Final day (over 2 hours)
New Zealand,-37,EUR,2+ Meals
New Zealand,16,EUR,Night Travel supplement
Nicaragua,51,EUR,Full day (over 24 hours)
Nicaragua,51,EUR,Final day (over 10 hours)
Nicaragua,25.5,EUR,Final day (over 2 hours)
Nicaragua,-25.5,EUR,2+ Meals
Nicaragua,16,EUR,Night Travel supplement
Niger,50,EUR,Full day (over 24 hours)
Niger,50,EUR,Final day (over 10 hours)
Niger,25,EUR,Final day (over 2 hours)
Niger,-25,EUR,2+ Meals
Niger,16,EUR,Night Travel supplement
Nigeria,78,EUR,Full day (over 24 hours)
Nigeria,78,EUR,Final day (over 10 hours)
Nigeria,39,EUR,Final day (over 2 hours)
Nigeria,-39,EUR,2+ Meals
Nigeria,16,EUR,Night Travel supplement
North Macedonia,64,EUR,Full day (over 24 hours)
North Macedonia,64,EUR,Final day (over 10 hours)
North Macedonia,32,EUR,Final day (over 2 hours)
North Macedonia,-32,EUR,2+ Meals
North Macedonia,16,EUR,Night Travel supplement
Norway,70,EUR,Full day (over 24 hours)
Norway,70,EUR,Final day (over 10 hours)
Norway,35,EUR,Final day (over 2 hours)
Norway,-35,EUR,2+ Meals
Norway,16,EUR,Night Travel supplement
Oman,74,EUR,Full day (over 24 hours)
Oman,74,EUR,Final day (over 10 hours)
Oman,37,EUR,Final day (over 2 hours)
Oman,-37,EUR,2+ Meals
Oman,16,EUR,Night Travel supplement
Pakistan,29,EUR,Full day (over 24 hours)
Pakistan,29,EUR,Final day (over 10 hours)
Pakistan,14.5,EUR,Final day (over 2 hours)
Pakistan,-14.5,EUR,2+ Meals
Pakistan,16,EUR,Night Travel supplement
Palau,99,EUR,Full day (over 24 hours)
Palau,99,EUR,Final day (over 10 hours)
Palau,49.5,EUR,Final day (over 2 hours)
Palau,-49.5,EUR,2+ Meals
Palau,16,EUR,Night Travel supplement
Palestinian territory,76,EUR,Full day (over 24 hours)
Palestinian territory,76,EUR,Final day (over 10 hours)
Palestinian territory,38,EUR,Final day (over 2 hours)
Palestinian territory,-38,EUR,2+ Meals
Palestinian territory,16,EUR,Night Travel supplement
Panama,61,EUR,Full day (over 24 hours)
Panama,61,EUR,Final day (over 10 hours)
Panama,30.5,EUR,Final day (over 2 hours)
Panama,-30.5,EUR,2+ Meals
Panama,16,EUR,Night Travel supplement
Papua New Guinea,76,EUR,Full day (over 24 hours)
Papua New Guinea,76,EUR,Final day (over 10 hours)
Papua New Guinea,38,EUR,Final day (over 2 hours)
Papua New Guinea,-38,EUR,2+ Meals
Papua New Guinea,16,EUR,Night Travel supplement
Paraguay,36,EUR,Full day (over 24 hours)
Paraguay,36,EUR,Final day (over 10 hours)
Paraguay,18,EUR,Final day (over 2 hours)
Paraguay,-18,EUR,2+ Meals
Paraguay,16,EUR,Night Travel supplement
Peru,52,EUR,Full day (over 24 hours)
Peru,52,EUR,Final day (over 10 hours)
Peru,26,EUR,Final day (over 2 hours)
Peru,-26,EUR,2+ Meals
Peru,16,EUR,Night Travel supplement
Philippines,69,EUR,Full day (over 24 hours)
Philippines,69,EUR,Final day (over 10 hours)
Philippines,34.5,EUR,Final day (over 2 hours)
Philippines,-34.5,EUR,2+ Meals
Philippines,16,EUR,Night Travel supplement
Poland,72,EUR,Full day (over 24 hours)
Poland,72,EUR,Final day (over 10 hours)
Poland,36,EUR,Final day (over 2 hours)
Poland,-36,EUR,2+ Meals
Poland,16,EUR,Night Travel supplement
Portugal,70,EUR,Full day (over 24 hours)
Portugal,70,EUR,Final day (over 10 hours)
Portugal,35,EUR,Final day (over 2 hours)
Portugal,-35,EUR,2+ Meals
Portugal,16,EUR,Night Travel supplement
Puerto Rico,70,EUR,Full day (over 24 hours)
Puerto Rico,70,EUR,Final day (over 10 hours)
Puerto Rico,35,EUR,Final day (over 2 hours)
Puerto Rico,-35,EUR,2+ Meals
Puerto Rico,16,EUR,Night Travel supplement
Qatar,78,EUR,Full day (over 24 hours)
Qatar,78,EUR,Final day (over 10 hours)
Qatar,39,EUR,Final day (over 2 hours)
Qatar,-39,EUR,2+ Meals
Qatar,16,EUR,Night Travel supplement
Romania,68,EUR,Full day (over 24 hours)
Romania,68,EUR,Final day (over 10 hours)
Romania,34,EUR,Final day (over 2 hours)
Romania,-34,EUR,2+ Meals
Romania,16,EUR,Night Travel supplement
Russian Federation,66,EUR,Full day (over 24 hours)
Russian Federation,66,EUR,Final day (over 10 hours)
Russian Federation,33,EUR,Final day (over 2 hours)
Russian Federation,-33,EUR,2+ Meals
Russian Federation,16,EUR,Night Travel supplement
Rwanda,37,EUR,Full day (over 24 hours)
Rwanda,37,EUR,Final day (over 10 hours)
Rwanda,18.5,EUR,Final day (over 2 hours)
Rwanda,-18.5,EUR,2+ Meals
Rwanda,16,EUR,Night Travel supplement
Saint Kitts and Nevis,68,EUR,Full day (over 24 hours)
Saint Kitts and Nevis,68,EUR,Final day (over 10 hours)
Saint Kitts and Nevis,34,EUR,Final day (over 2 hours)
Saint Kitts and Nevis,-34,EUR,2+ Meals
Saint Kitts and Nevis,16,EUR,Night Travel supplement
Saint Lucia,86,EUR,Full day (over 24 hours)
Saint Lucia,86,EUR,Final day (over 10 hours)
Saint Lucia,43,EUR,Final day (over 2 hours)
Saint Lucia,-43,EUR,2+ Meals
Saint Lucia,16,EUR,Night Travel supplement
Saint Vincent and the Grenadines,85,EUR,Full day (over 24 hours)
Saint Vincent and the Grenadines,85,EUR,Final day (over 10 hours)
Saint Vincent and the Grenadines,42.5,EUR,Final day (over 2 hours)
Saint Vincent and the Grenadines,-42.5,EUR,2+ Meals
Saint Vincent and the Grenadines,16,EUR,Night Travel supplement
Samoa,61,EUR,Full day (over 24 hours)
Samoa,61,EUR,Final day (over 10 hours)
Samoa,30.5,EUR,Final day (over 2 hours)
Samoa,-30.5,EUR,2+ Meals
Samoa,16,EUR,Night Travel supplement
San Marino,59,EUR,Full day (over 24 hours)
San Marino,59,EUR,Final day (over 10 hours)
San Marino,29.5,EUR,Final day (over 2 hours)
San Marino,-29.5,EUR,2+ Meals
San Marino,16,EUR,Night Travel supplement
Sao Tome and Principe,102,EUR,Full day (over 24 hours)
Sao Tome and Principe,102,EUR,Final day (over 10 hours)
Sao Tome and Principe,51,EUR,Final day (over 2 hours)
Sao Tome and Principe,-51,EUR,2+ Meals
Sao Tome and Principe,16,EUR,Night Travel supplement
Saudi Arabia,80,EUR,Full day (over 24 hours)
Saudi Arabia,80,EUR,Final day (over 10 hours)
Saudi Arabia,40,EUR,Final day (over 2 hours)
Saudi Arabia,-40,EUR,2+ Meals
Saudi Arabia,16,EUR,Night Travel supplement
Senegal,58,EUR,Full day (over 24 hours)
Senegal,58,EUR,Final day (over 10 hours)
Senegal,29,EUR,Final day (over 2 hours)
Senegal,-29,EUR,2+ Meals
Senegal,16,EUR,Night Travel supplement
Serbia,75,EUR,Full day (over 24 hours)
Serbia,75,EUR,Final day (over 10 hours)
Serbia,37.5,EUR,Final day (over 2 hours)
Serbia,-37.5,EUR,2+ Meals
Serbia,16,EUR,Night Travel supplement
Seychelles,87,EUR,Full day (over 24 hours)
Seychelles,87,EUR,Final day (over 10 hours)
Seychelles,43.5,EUR,Final day (over 2 hours)
Seychelles,-43.5,EUR,2+ Meals
Seychelles,16,EUR,Night Travel supplement
Sierra Leone,47,EUR,Full day (over 24 hours)
Sierra Leone,47,EUR,Final day (over 10 hours)
Sierra Leone,23.5,EUR,Final day (over 2 hours)
Sierra Leone,-23.5,EUR,2+ Meals
Sierra Leone,16,EUR,Night Travel supplement
Singapore,79,EUR,Full day (over 24 hours)
Singapore,79,EUR,Final day (over 10 hours)
Singapore,39.5,EUR,Final day (over 2 hours)
Singapore,-39.5,EUR,2+ Meals
Singapore,16,EUR,Night Travel supplement
Slovakia,79,EUR,Full day (over 24 hours)
Slovakia,79,EUR,Final day (over 10 hours)
Slovakia,39.5,EUR,Final day (over 2 hours)
Slovakia,-39.5,EUR,2+ Meals
Slovakia,16,EUR,Night Travel supplement
Slovenia,72,EUR,Full day (over 24 hours)
Slovenia,72,EUR,Final day (over 10 hours)
Slovenia,36,EUR,Final day (over 2 hours)
Slovenia,-36,EUR,2+ Meals
Slovenia,16,EUR,Night Travel supplement
Solomon Islands,63,EUR,Full day (over 24 hours)
Solomon Islands,63,EUR,Final day (over 10 hours)
Solomon Islands,31.5,EUR,Final day (over 2 hours)
Solomon Islands,-31.5,EUR,2+ Meals
Solomon Islands,16,EUR,Night Travel supplement
Somalia,86,EUR,Full day (over 24 hours)
Somalia,86,EUR,Final day (over 10 hours)
Somalia,43,EUR,Final day (over 2 hours)
Somalia,-43,EUR,2+ Meals
Somalia,16,EUR,Night Travel supplement
South Africa,50,EUR,Full day (over 24 hours)
South Africa,50,EUR,Final day (over 10 hours)
South Africa,25,EUR,Final day (over 2 hours)
South Africa,-25,EUR,2+ Meals
South Africa,16,EUR,Night Travel supplement
South Sudan,102,EUR,Full day (over 24 hours)
South Sudan,102,EUR,Final day (over 10 hours)
South Sudan,51,EUR,Final day (over 2 hours)
South Sudan,-51,EUR,2+ Meals
South Sudan,16,EUR,Night Travel supplement
Spain,74,EUR,Full day (over 24 hours)
Spain,74,EUR,Final day (over 10 hours)
Spain,37,EUR,Final day (over 2 hours)
Spain,-37,EUR,2+ Meals
Spain,16,EUR,Night Travel supplement
Sri Lanka,29,EUR,Full day (over 24 hours)
Sri Lanka,29,EUR,Final day (over 10 hours)
Sri Lanka,14.5,EUR,Final day (over 2 hours)
Sri Lanka,-14.5,EUR,2+ Meals
Sri Lanka,16,EUR,Night Travel supplement
St. Petersburg,76,EUR,Full day (over 24 hours)
St. Petersburg,76,EUR,Final day (over 10 hours)
St. Petersburg,38,EUR,Final day (over 2 hours)
St. Petersburg,-38,EUR,2+ Meals
St. Petersburg,16,EUR,Night Travel supplement
Sudan,83,EUR,Full day (over 24 hours)
Sudan,83,EUR,Final day (over 10 hours)
Sudan,41.5,EUR,Final day (over 2 hours)
Sudan,-41.5,EUR,2+ Meals
Sudan,16,EUR,Night Travel supplement
Suriname,78,EUR,Full day (over 24 hours)
Suriname,78,EUR,Final day (over 10 hours)
Suriname,39,EUR,Final day (over 2 hours)
Suriname,-39,EUR,2+ Meals
Suriname,16,EUR,Night Travel supplement
Sweden,64,EUR,Full day (over 24 hours)
Sweden,64,EUR,Final day (over 10 hours)
Sweden,32,EUR,Final day (over 2 hours)
Sweden,-32,EUR,2+ Meals
Sweden,16,EUR,Night Travel supplement
Switzerland,93,EUR,Full day (over 24 hours)
Switzerland,93,EUR,Final day (over 10 hours)
Switzerland,46.5,EUR,Final day (over 2 hours)
Switzerland,-46.5,EUR,2+ Meals
Switzerland,16,EUR,Night Travel supplement
Syria,91,EUR,Full day (over 24 hours)
Syria,91,EUR,Final day (over 10 hours)
Syria,45.5,EUR,Final day (over 2 hours)
Syria,-45.5,EUR,2+ Meals
Syria,16,EUR,Night Travel supplement
Tadzhikistan,35,EUR,Full day (over 24 hours)
Tadzhikistan,35,EUR,Final day (over 10 hours)
Tadzhikistan,17.5,EUR,Final day (over 2 hours)
Tadzhikistan,-17.5,EUR,2+ Meals
Tadzhikistan,16,EUR,Night Travel supplement
Taiwan,69,EUR,Full day (over 24 hours)
Taiwan,69,EUR,Final day (over 10 hours)
Taiwan,34.5,EUR,Final day (over 2 hours)
Taiwan,-34.5,EUR,2+ Meals
Taiwan,16,EUR,Night Travel supplement
Tanzania,54,EUR,Full day (over 24 hours)
Tanzania,54,EUR,Final day (over 10 hours)
Tanzania,27,EUR,Final day (over 2 hours)
Tanzania,-27,EUR,2+ Meals
Tanzania,16,EUR,Night Travel supplement
Thailand,63,EUR,Full day (over 24 hours)
Thailand,63,EUR,Final day (over 10 hours)
Thailand,31.5,EUR,Final day (over 2 hours)
Thailand,-31.5,EUR,2+ Meals
Thailand,16,EUR,Night Travel supplement
Togo,58,EUR,Full day (over 24 hours)
Togo,58,EUR,Final day (over 10 hours)
Togo,29,EUR,Final day (over 2 hours)
Togo,-29,EUR,2+ Meals
Togo,16,EUR,Night Travel supplement
Tonga,62,EUR,Full day (over 24 hours)
Tonga,62,EUR,Final day (over 10 hours)
Tonga,31,EUR,Final day (over 2 hours)
Tonga,-31,EUR,2+ Meals
Tonga,16,EUR,Night Travel supplement
Trinidad and Tobago,83,EUR,Full day (over 24 hours)
Trinidad and Tobago,83,EUR,Final day (over 10 hours)
Trinidad and Tobago,41.5,EUR,Final day (over 2 hours)
Trinidad and Tobago,-41.5,EUR,2+ Meals
Trinidad and Tobago,16,EUR,Night Travel supplement
Tunisia,61,EUR,Full day (over 24 hours)
Tunisia,61,EUR,Final day (over 10 hours)
Tunisia,30.5,EUR,Final day (over 2 hours)
Tunisia,-30.5,EUR,2+ Meals
Tunisia,16,EUR,Night Travel supplement
Turkey,35,EUR,Full day (over 24 hours)
Turkey,35,EUR,Final day (over 10 hours)
Turkey,17.5,EUR,Final day (over 2 hours)
Turkey,-17.5,EUR,2+ Meals
Turkey,16,EUR,Night Travel supplement
Turkmenistan,92,EUR,Full day (over 24 hours)
Turkmenistan,92,EUR,Final day (over 10 hours)
Turkmenistan,46,EUR,Final day (over 2 hours)
Turkmenistan,-46,EUR,2+ Meals
Turkmenistan,16,EUR,Night Travel supplement
Uganda,49,EUR,Full day (over 24 hours)
Uganda,49,EUR,Final day (over 10 hours)
Uganda,24.5,EUR,Final day (over 2 hours)
Uganda,-24.5,EUR,2+ Meals
Uganda,16,EUR,Night Travel supplement
Ukraine,64,EUR,Full day (over 24 hours)
Ukraine,64,EUR,Final day (over 10 hours)
Ukraine,32,EUR,Final day (over 2 hours)
Ukraine,-32,EUR,2+ Meals
Ukraine,16,EUR,Night Travel supplement
United Arab Emirates,73,EUR,Full day (over 24 hours)
United Arab Emirates,73,EUR,Final day (over 10 hours)
United Arab Emirates,36.5,EUR,Final day (over 2 hours)
United Arab Emirates,-36.5,EUR,2+ Meals
United Arab Emirates,16,EUR,Night Travel supplement
United Kingdom,79,EUR,Full day (over 24 hours)
United Kingdom,79,EUR,Final day (over 10 hours)
United Kingdom,39.5,EUR,Final day (over 2 hours)
United Kingdom,-39.5,EUR,2+ Meals
United Kingdom,16,EUR,Night Travel supplement
United States,89,EUR,Full day (over 24 hours)
United States,89,EUR,Final day (over 10 hours)
United States,44.5,EUR,Final day (over 2 hours)
United States,-44.5,EUR,2+ Meals
United States,16,EUR,Night Travel supplement
Uruguay,59,EUR,Full day (over 24 hours)
Uruguay,59,EUR,Final day (over 10 hours)
Uruguay,29.5,EUR,Final day (over 2 hours)
Uruguay,-29.5,EUR,2+ Meals
Uruguay,16,EUR,Night Travel supplement
Uzbekistan,32,EUR,Full day (over 24 hours)
Uzbekistan,32,EUR,Final day (over 10 hours)
Uzbekistan,16,EUR,Final day (over 2 hours)
Uzbekistan,-16,EUR,2+ Meals
Uzbekistan,16,EUR,Night Travel supplement
Vanuatu,70,EUR,Full day (over 24 hours)
Vanuatu,70,EUR,Final day (over 10 hours)
Vanuatu,35,EUR,Final day (over 2 hours)
Vanuatu,-35,EUR,2+ Meals
Vanuatu,16,EUR,Night Travel supplement
Venezuela,102,EUR,Full day (over 24 hours)
Venezuela,102,EUR,Final day (over 10 hours)
Venezuela,51,EUR,Final day (over 2 hours)
Venezuela,-51,EUR,2+ Meals
Venezuela,16,EUR,Night Travel supplement
Viet Nam,69,EUR,Full day (over 24 hours)
Viet Nam,69,EUR,Final day (over 10 hours)
Viet Nam,34.5,EUR,Final day (over 2 hours)
Viet Nam,-34.5,EUR,2+ Meals
Viet Nam,16,EUR,Night Travel supplement
Virgin Islands (USA),64,EUR,Full day (over 24 hours)
Virgin Islands (USA),64,EUR,Final day (over 10 hours)
Virgin Islands (USA),32,EUR,Final day (over 2 hours)
Virgin Islands (USA),-32,EUR,2+ Meals
Virgin Islands (USA),16,EUR,Night Travel supplement
Yemen,102,EUR,Full day (over 24 hours)
Yemen,102,EUR,Final day (over 10 hours)
Yemen,51,EUR,Final day (over 2 hours)
Yemen,-51,EUR,2+ Meals
Yemen,16,EUR,Night Travel supplement
Zambia,55,EUR,Full day (over 24 hours)
Zambia,55,EUR,Final day (over 10 hours)
Zambia,27.5,EUR,Final day (over 2 hours)
Zambia,-27.5,EUR,2+ Meals
Zambia,16,EUR,Night Travel supplement
Zimbabwe,102,EUR,Full day (over 24 hours)
Zimbabwe,102,EUR,Final day (over 10 hours)
Zimbabwe,51,EUR,Final day (over 2 hours)
Zimbabwe,-51,EUR,2+ Meals
Zimbabwe,16,EUR,Night Travel supplement
