Destination,Currency,Subrate,Amount
Albanien (2018),SEK,Normalbelopp,230
Albanien (2018),SEK,Breakfast,-34.5
Albanien (2018),SEK,Lunch,-80.5
Albanien (2018),SEK,Dinner,-80.5
Albanien (2019),SEK,Normalbelopp,242
Albanien (2019),SEK,Breakfast,-36.3
Albanien (2019),SEK,Lunch,-84.7
Albanien (2019),SEK,Dinner,-84.7
Albanien (2020),SEK,Normalbelopp,254
Albanien (2020),SEK,Breakfast,-38.1
Albanien (2020),SEK,Lunch,-88.9
Albanien (2020),SEK,Dinner,-88.9
Algeriet (2018),SEK,Normalbelopp,335
Algeriet (2018),SEK,Breakfast,-50.25
Algeriet (2018),SEK,Lunch,-117.25
Algeriet (2018),SEK,Dinner,-117.25
Algeriet (2019),SEK,Normalbelopp,362
Algeriet (2019),SEK,Breakfast,-54.3
Algeriet (2019),SEK,Lunch,-126.7
Algeriet (2019),SEK,Dinner,-126.7
Algeriet (2020),SEK,Normalbelopp,378
Algeriet (2020),SEK,Breakfast,-56.7
Algeriet (2020),SEK,Lunch,-132.3
Algeriet (2020),SEK,Dinner,-132.3
Angola (2018),SEK,Normalbelopp,937
Angola (2018),SEK,Breakfast,-140.55
Angola (2018),SEK,Lunch,-327.95
Angola (2018),SEK,Dinner,-327.95
Angola (2019),SEK,Normalbelopp,567
Angola (2019),SEK,Breakfast,-85.05
Angola (2019),SEK,Lunch,-198.45
Angola (2019),SEK,Dinner,-198.45
Angola (2020),SEK,Normalbelopp,346
Angola (2020),SEK,Breakfast,-51.9
Angola (2020),SEK,Lunch,-121.1
Angola (2020),SEK,Dinner,-121.1
Antigua och Barbuda (2018),SEK,Normalbelopp,613
Antigua och Barbuda (2018),SEK,Breakfast,-91.95
Antigua och Barbuda (2018),SEK,Lunch,-214.55
Antigua och Barbuda (2018),SEK,Dinner,-214.55
Antigua och Barbuda (2019),SEK,Normalbelopp,670
Antigua och Barbuda (2019),SEK,Breakfast,-100.5
Antigua och Barbuda (2019),SEK,Lunch,-234.5
Antigua och Barbuda (2019),SEK,Dinner,-234.5
Antigua och Barbuda (2020),SEK,Normalbelopp,697
Antigua och Barbuda (2020),SEK,Breakfast,-104.55
Antigua och Barbuda (2020),SEK,Lunch,-243.95
Antigua och Barbuda (2020),SEK,Dinner,-243.95
Argentina (2018),SEK,Normalbelopp,454
Argentina (2018),SEK,Breakfast,-68.1
Argentina (2018),SEK,Lunch,-158.9
Argentina (2018),SEK,Dinner,-158.9
Argentina (2019),SEK,Normalbelopp,276
Argentina (2019),SEK,Breakfast,-41.4
Argentina (2019),SEK,Lunch,-96.6
Argentina (2019),SEK,Dinner,-96.6
Argentina (2020),SEK,Normalbelopp,240
Argentina (2020),SEK,Breakfast,-36
Argentina (2020),SEK,Lunch,-84
Argentina (2020),SEK,Dinner,-84
Armenien (2018),SEK,Normalbelopp,313
Armenien (2018),SEK,Breakfast,-46.95
Armenien (2018),SEK,Lunch,-109.55
Armenien (2018),SEK,Dinner,-109.55
Armenien (2019),SEK,Normalbelopp,329
Armenien (2019),SEK,Breakfast,-49.35
Armenien (2019),SEK,Lunch,-115.15
Armenien (2019),SEK,Dinner,-115.15
Armenien (2020),SEK,Normalbelopp,358
Armenien (2020),SEK,Breakfast,-53.7
Armenien (2020),SEK,Lunch,-125.3
Armenien (2020),SEK,Dinner,-125.3
Australien (2018),SEK,Normalbelopp,683
Australien (2018),SEK,Breakfast,-102.45
Australien (2018),SEK,Lunch,-239.05
Australien (2018),SEK,Dinner,-239.05
Australien (2019),SEK,Normalbelopp,685
Australien (2019),SEK,Breakfast,-102.75
Australien (2019),SEK,Lunch,-239.75
Australien (2019),SEK,Dinner,-239.75
Australien (2020),SEK,Normalbelopp,697
Australien (2020),SEK,Breakfast,-104.55
Australien (2020),SEK,Lunch,-243.95
Australien (2020),SEK,Dinner,-243.95
Azerbajdzjan (2018),SEK,Normalbelopp,322
Azerbajdzjan (2018),SEK,Breakfast,-48.3
Azerbajdzjan (2018),SEK,Lunch,-112.7
Azerbajdzjan (2018),SEK,Dinner,-112.7
Azerbajdzjan (2019),SEK,Normalbelopp,345
Azerbajdzjan (2019),SEK,Breakfast,-51.75
Azerbajdzjan (2019),SEK,Lunch,-120.75
Azerbajdzjan (2019),SEK,Dinner,-120.75
Azerbajdzjan (2020),SEK,Normalbelopp,359
Azerbajdzjan (2020),SEK,Breakfast,-53.85
Azerbajdzjan (2020),SEK,Lunch,-125.65
Azerbajdzjan (2020),SEK,Dinner,-125.65
Bahamas (2018),SEK,Normalbelopp,797
Bahamas (2018),SEK,Breakfast,-119.55
Bahamas (2018),SEK,Lunch,-278.95
Bahamas (2018),SEK,Dinner,-278.95
Bahamas (2019),SEK,Normalbelopp,878
Bahamas (2019),SEK,Breakfast,-131.7
Bahamas (2019),SEK,Lunch,-307.3
Bahamas (2019),SEK,Dinner,-307.3
Bahamas (2020),SEK,Normalbelopp,953
Bahamas (2020),SEK,Breakfast,-142.95
Bahamas (2020),SEK,Lunch,-333.55
Bahamas (2020),SEK,Dinner,-333.55
Bahrain (2018),SEK,Normalbelopp,581
Bahrain (2018),SEK,Breakfast,-87.15
Bahrain (2018),SEK,Lunch,-203.35
Bahrain (2018),SEK,Dinner,-203.35
Bahrain (2019),SEK,Normalbelopp,661
Bahrain (2019),SEK,Breakfast,-99.15
Bahrain (2019),SEK,Lunch,-231.35
Bahrain (2019),SEK,Dinner,-231.35
Bahrain (2020),SEK,Normalbelopp,696
Bahrain (2020),SEK,Breakfast,-104.4
Bahrain (2020),SEK,Lunch,-243.6
Bahrain (2020),SEK,Dinner,-243.6
Bangladesh (2018),SEK,Normalbelopp,389
Bangladesh (2018),SEK,Breakfast,-58.35
Bangladesh (2018),SEK,Lunch,-136.15
Bangladesh (2018),SEK,Dinner,-136.15
Bangladesh (2019),SEK,Normalbelopp,429
Bangladesh (2019),SEK,Breakfast,-64.35
Bangladesh (2019),SEK,Lunch,-150.15
Bangladesh (2019),SEK,Dinner,-150.15
Bangladesh (2020),SEK,Normalbelopp,457
Bangladesh (2020),SEK,Breakfast,-68.55
Bangladesh (2020),SEK,Lunch,-159.95
Bangladesh (2020),SEK,Dinner,-159.95
Barbados (2018),SEK,Normalbelopp,738
Barbados (2018),SEK,Breakfast,-110.7
Barbados (2018),SEK,Lunch,-258.3
Barbados (2018),SEK,Dinner,-258.3
Barbados (2019),SEK,Normalbelopp,818
Barbados (2019),SEK,Breakfast,-122.7
Barbados (2019),SEK,Lunch,-286.3
Barbados (2019),SEK,Dinner,-286.3
Barbados (2020),SEK,Normalbelopp,893
Barbados (2020),SEK,Breakfast,-133.95
Barbados (2020),SEK,Lunch,-312.55
Barbados (2020),SEK,Dinner,-312.55
Belgien (2018),SEK,Normalbelopp,678
Belgien (2018),SEK,Breakfast,-101.7
Belgien (2018),SEK,Lunch,-237.3
Belgien (2018),SEK,Dinner,-237.3
Belgien (2019),SEK,Normalbelopp,723
Belgien (2019),SEK,Breakfast,-108.45
Belgien (2019),SEK,Lunch,-253.05
Belgien (2019),SEK,Dinner,-253.05
Belgien (2020),SEK,Normalbelopp,756
Belgien (2020),SEK,Breakfast,-113.4
Belgien (2020),SEK,Lunch,-264.6
Belgien (2020),SEK,Dinner,-264.6
Belize (2018),SEK,Normalbelopp,453
Belize (2018),SEK,Breakfast,-67.95
Belize (2018),SEK,Lunch,-158.55
Belize (2018),SEK,Dinner,-158.55
Belize (2019),SEK,Normalbelopp,485
Belize (2019),SEK,Breakfast,-72.75
Belize (2019),SEK,Lunch,-169.75
Belize (2019),SEK,Dinner,-169.75
Belize (2020),SEK,Normalbelopp,524
Belize (2020),SEK,Breakfast,-78.6
Belize (2020),SEK,Lunch,-183.4
Belize (2020),SEK,Dinner,-183.4
Benin (2018),SEK,Normalbelopp,471
Benin (2018),SEK,Breakfast,-70.65
Benin (2018),SEK,Lunch,-164.85
Benin (2018),SEK,Dinner,-164.85
Benin (2019),SEK,Normalbelopp,507
Benin (2019),SEK,Breakfast,-76.05
Benin (2019),SEK,Lunch,-177.45
Benin (2019),SEK,Dinner,-177.45
Benin (2020),SEK,Normalbelopp,523
Benin (2020),SEK,Breakfast,-78.45
Benin (2020),SEK,Lunch,-183.05
Benin (2020),SEK,Dinner,-183.05
Bolivia (2018),SEK,Normalbelopp,280
Bolivia (2018),SEK,Breakfast,-42
Bolivia (2018),SEK,Lunch,-98
Bolivia (2018),SEK,Dinner,-98
Bolivia (2019),SEK,Normalbelopp,322
Bolivia (2019),SEK,Breakfast,-48.3
Bolivia (2019),SEK,Lunch,-112.7
Bolivia (2019),SEK,Dinner,-112.7
Bolivia (2020),SEK,Normalbelopp,363
Bolivia (2020),SEK,Breakfast,-54.45
Bolivia (2020),SEK,Lunch,-127.05
Bolivia (2020),SEK,Dinner,-127.05
Bosnien-Hercegovina (2018),SEK,Normalbelopp,323
Bosnien-Hercegovina (2018),SEK,Breakfast,-48.45
Bosnien-Hercegovina (2018),SEK,Lunch,-113.05
Bosnien-Hercegovina (2018),SEK,Dinner,-113.05
Bosnien-Hercegovina (2019),SEK,Normalbelopp,352
Bosnien-Hercegovina (2019),SEK,Breakfast,-52.8
Bosnien-Hercegovina (2019),SEK,Lunch,-123.2
Bosnien-Hercegovina (2019),SEK,Dinner,-123.2
Bosnien-Hercegovina (2020),SEK,Normalbelopp,357
Bosnien-Hercegovina (2020),SEK,Breakfast,-53.55
Bosnien-Hercegovina (2020),SEK,Lunch,-124.95
Bosnien-Hercegovina (2020),SEK,Dinner,-124.95
Botswana (2018),SEK,Normalbelopp,259
Botswana (2018),SEK,Breakfast,-38.85
Botswana (2018),SEK,Lunch,-90.65
Botswana (2018),SEK,Dinner,-90.65
Botswana (2019),SEK,Normalbelopp,301
Botswana (2019),SEK,Breakfast,-45.15
Botswana (2019),SEK,Lunch,-105.35
Botswana (2019),SEK,Dinner,-105.35
Botswana (2020),SEK,Normalbelopp,357
Botswana (2020),SEK,Breakfast,-53.55
Botswana (2020),SEK,Lunch,-124.95
Botswana (2020),SEK,Dinner,-124.95
Brasilien (2018),SEK,Normalbelopp,419
Brasilien (2018),SEK,Breakfast,-62.85
Brasilien (2018),SEK,Lunch,-146.65
Brasilien (2018),SEK,Dinner,-146.65
Brasilien (2019),SEK,Normalbelopp,411
Brasilien (2019),SEK,Breakfast,-61.65
Brasilien (2019),SEK,Lunch,-143.85
Brasilien (2019),SEK,Dinner,-143.85
Brasilien (2020),SEK,Normalbelopp,424
Brasilien (2020),SEK,Breakfast,-63.6
Brasilien (2020),SEK,Lunch,-148.4
Brasilien (2020),SEK,Dinner,-148.4
Brunei Darussalam (2018),SEK,Normalbelopp,366
Brunei Darussalam (2018),SEK,Breakfast,-54.9
Brunei Darussalam (2018),SEK,Lunch,-128.1
Brunei Darussalam (2018),SEK,Dinner,-128.1
Brunei Darussalam (2019),SEK,Normalbelopp,426
Brunei Darussalam (2019),SEK,Breakfast,-63.9
Brunei Darussalam (2019),SEK,Lunch,-149.1
Brunei Darussalam (2019),SEK,Dinner,-149.1
Brunei Darussalam (2020),SEK,Normalbelopp,470
Brunei Darussalam (2020),SEK,Breakfast,-70.5
Brunei Darussalam (2020),SEK,Lunch,-164.5
Brunei Darussalam (2020),SEK,Dinner,-164.5
Bulgarien (2018),SEK,Normalbelopp,347
Bulgarien (2018),SEK,Breakfast,-52.05
Bulgarien (2018),SEK,Lunch,-121.45
Bulgarien (2018),SEK,Dinner,-121.45
Bulgarien (2019),SEK,Normalbelopp,365
Bulgarien (2019),SEK,Breakfast,-54.75
Bulgarien (2019),SEK,Lunch,-127.75
Bulgarien (2019),SEK,Dinner,-127.75
Bulgarien (2020),SEK,Normalbelopp,375
Bulgarien (2020),SEK,Breakfast,-56.25
Bulgarien (2020),SEK,Lunch,-131.25
Bulgarien (2020),SEK,Dinner,-131.25
Burkina Faso (2018),SEK,Normalbelopp,400
Burkina Faso (2018),SEK,Breakfast,-60
Burkina Faso (2018),SEK,Lunch,-140
Burkina Faso (2018),SEK,Dinner,-140
Burkina Faso (2019),SEK,Normalbelopp,411
Burkina Faso (2019),SEK,Breakfast,-61.65
Burkina Faso (2019),SEK,Lunch,-143.85
Burkina Faso (2019),SEK,Dinner,-143.85
Burkina Faso (2020),SEK,Normalbelopp,419
Burkina Faso (2020),SEK,Breakfast,-62.85
Burkina Faso (2020),SEK,Lunch,-146.65
Burkina Faso (2020),SEK,Dinner,-146.65
Burma (2018),SEK,Normalbelopp,315
Burma (2018),SEK,Breakfast,-47.25
Burma (2018),SEK,Lunch,-110.25
Burma (2018),SEK,Dinner,-110.25
Burma (2019),SEK,Normalbelopp,286
Burma (2019),SEK,Breakfast,-42.9
Burma (2019),SEK,Lunch,-100.1
Burma (2019),SEK,Dinner,-100.1
Burma (2020),SEK,Normalbelopp,318
Burma (2020),SEK,Breakfast,-47.7
Burma (2020),SEK,Lunch,-111.3
Burma (2020),SEK,Dinner,-111.3
Centralafrikanska republiken (2018),SEK,Normalbelopp,393
Centralafrikanska republiken (2018),SEK,Breakfast,-58.95
Centralafrikanska republiken (2018),SEK,Lunch,-137.55
Centralafrikanska republiken (2018),SEK,Dinner,-137.55
Centralafrikanska republiken (2019),SEK,Normalbelopp,436
Centralafrikanska republiken (2019),SEK,Breakfast,-65.4
Centralafrikanska republiken (2019),SEK,Lunch,-152.6
Centralafrikanska republiken (2019),SEK,Dinner,-152.6
Centralafrikanska republiken (2020),SEK,Normalbelopp,463
Centralafrikanska republiken (2020),SEK,Breakfast,-69.45
Centralafrikanska republiken (2020),SEK,Lunch,-162.05
Centralafrikanska republiken (2020),SEK,Dinner,-162.05
Chile (2018),SEK,Normalbelopp,424
Chile (2018),SEK,Breakfast,-63.6
Chile (2018),SEK,Lunch,-148.4
Chile (2018),SEK,Dinner,-148.4
Chile (2019),SEK,Normalbelopp,422
Chile (2019),SEK,Breakfast,-63.3
Chile (2019),SEK,Lunch,-147.7
Chile (2019),SEK,Dinner,-147.7
Chile (2020),SEK,Normalbelopp,436
Chile (2020),SEK,Breakfast,-65.4
Chile (2020),SEK,Lunch,-152.6
Chile (2020),SEK,Dinner,-152.6
Colombia (2018),SEK,Normalbelopp,329
Colombia (2018),SEK,Breakfast,-49.35
Colombia (2018),SEK,Lunch,-115.15
Colombia (2018),SEK,Dinner,-115.15
Colombia (2019),SEK,Normalbelopp,345
Colombia (2019),SEK,Breakfast,-51.75
Colombia (2019),SEK,Lunch,-120.75
Colombia (2019),SEK,Dinner,-120.75
Colombia (2020),SEK,Normalbelopp,345
Colombia (2020),SEK,Breakfast,-51.75
Colombia (2020),SEK,Lunch,-120.75
Colombia (2020),SEK,Dinner,-120.75
Costa Rica (2018),SEK,Normalbelopp,445
Costa Rica (2018),SEK,Breakfast,-66.75
Costa Rica (2018),SEK,Lunch,-155.75
Costa Rica (2018),SEK,Dinner,-155.75
Costa Rica (2019),SEK,Normalbelopp,464
Costa Rica (2019),SEK,Breakfast,-69.6
Costa Rica (2019),SEK,Lunch,-162.4
Costa Rica (2019),SEK,Dinner,-162.4
Costa Rica (2020),SEK,Normalbelopp,534
Costa Rica (2020),SEK,Breakfast,-80.1
Costa Rica (2020),SEK,Lunch,-186.9
Costa Rica (2020),SEK,Dinner,-186.9
Cypern (2018),SEK,Normalbelopp,543
Cypern (2018),SEK,Breakfast,-81.45
Cypern (2018),SEK,Lunch,-190.05
Cypern (2018),SEK,Dinner,-190.05
Cypern (2019),SEK,Normalbelopp,505
Cypern (2019),SEK,Breakfast,-75.75
Cypern (2019),SEK,Lunch,-176.75
Cypern (2019),SEK,Dinner,-176.75
Cypern (2020),SEK,Normalbelopp,605
Cypern (2020),SEK,Breakfast,-90.75
Cypern (2020),SEK,Lunch,-211.75
Cypern (2020),SEK,Dinner,-211.75
Danmark (2018),SEK,Normalbelopp,915
Danmark (2018),SEK,Breakfast,-137.25
Danmark (2018),SEK,Lunch,-320.25
Danmark (2018),SEK,Dinner,-320.25
Danmark (2019),SEK,Normalbelopp,993
Danmark (2019),SEK,Breakfast,-148.95
Danmark (2019),SEK,Lunch,-347.55
Danmark (2019),SEK,Dinner,-347.55
Danmark (2020),SEK,Normalbelopp,1016
Danmark (2020),SEK,Breakfast,-152.4
Danmark (2020),SEK,Lunch,-355.6
Danmark (2020),SEK,Dinner,-355.6
Djibouti (2018),SEK,Normalbelopp,480
Djibouti (2018),SEK,Breakfast,-72
Djibouti (2018),SEK,Lunch,-168
Djibouti (2018),SEK,Dinner,-168
Djibouti (2019),SEK,Normalbelopp,529
Djibouti (2019),SEK,Breakfast,-79.35
Djibouti (2019),SEK,Lunch,-185.15
Djibouti (2019),SEK,Dinner,-185.15
Djibouti (2020),SEK,Normalbelopp,561
Djibouti (2020),SEK,Breakfast,-84.15
Djibouti (2020),SEK,Lunch,-196.35
Djibouti (2020),SEK,Dinner,-196.35
Ecuador (2018),SEK,Normalbelopp,512
Ecuador (2018),SEK,Breakfast,-76.8
Ecuador (2018),SEK,Lunch,-179.2
Ecuador (2018),SEK,Dinner,-179.2
Ecuador (2019),SEK,Normalbelopp,562
Ecuador (2019),SEK,Breakfast,-84.3
Ecuador (2019),SEK,Lunch,-196.7
Ecuador (2019),SEK,Dinner,-196.7
Ecuador (2020),SEK,Normalbelopp,592
Ecuador (2020),SEK,Breakfast,-88.8
Ecuador (2020),SEK,Lunch,-207.2
Ecuador (2020),SEK,Dinner,-207.2
Egypten (2018),SEK,Normalbelopp,230
Egypten (2018),SEK,Breakfast,-34.5
Egypten (2018),SEK,Lunch,-80.5
Egypten (2018),SEK,Dinner,-80.5
Egypten (2019),SEK,Normalbelopp,233
Egypten (2019),SEK,Breakfast,-34.95
Egypten (2019),SEK,Lunch,-81.55
Egypten (2019),SEK,Dinner,-81.55
Egypten (2020),SEK,Normalbelopp,302
Egypten (2020),SEK,Breakfast,-45.3
Egypten (2020),SEK,Lunch,-105.7
Egypten (2020),SEK,Dinner,-105.7
El Salvador (2018),SEK,Normalbelopp,405
El Salvador (2018),SEK,Breakfast,-60.75
El Salvador (2018),SEK,Lunch,-141.75
El Salvador (2018),SEK,Dinner,-141.75
El Salvador (2019),SEK,Normalbelopp,449
El Salvador (2019),SEK,Breakfast,-67.35
El Salvador (2019),SEK,Lunch,-157.15
El Salvador (2019),SEK,Dinner,-157.15
El Salvador (2020),SEK,Normalbelopp,484
El Salvador (2020),SEK,Breakfast,-72.6
El Salvador (2020),SEK,Lunch,-169.4
El Salvador (2020),SEK,Dinner,-169.4
Elfenbenskusten (2018),SEK,Normalbelopp,512
Elfenbenskusten (2018),SEK,Breakfast,-76.8
Elfenbenskusten (2018),SEK,Lunch,-179.2
Elfenbenskusten (2018),SEK,Dinner,-179.2
Elfenbenskusten (2019),SEK,Normalbelopp,562
Elfenbenskusten (2019),SEK,Breakfast,-84.3
Elfenbenskusten (2019),SEK,Lunch,-196.7
Elfenbenskusten (2019),SEK,Dinner,-196.7
Elfenbenskusten (2020),SEK,Normalbelopp,608
Elfenbenskusten (2020),SEK,Breakfast,-91.2
Elfenbenskusten (2020),SEK,Lunch,-212.8
Elfenbenskusten (2020),SEK,Dinner,-212.8
Eritrea (2018),SEK,Normalbelopp,471
Eritrea (2018),SEK,Breakfast,-70.65
Eritrea (2018),SEK,Lunch,-164.85
Eritrea (2018),SEK,Dinner,-164.85
Eritrea (2019),SEK,Normalbelopp,515
Eritrea (2019),SEK,Breakfast,-77.25
Eritrea (2019),SEK,Lunch,-180.25
Eritrea (2019),SEK,Dinner,-180.25
Eritrea (2020),SEK,Normalbelopp,468
Eritrea (2020),SEK,Breakfast,-70.2
Eritrea (2020),SEK,Lunch,-163.8
Eritrea (2020),SEK,Dinner,-163.8
Estland (2018),SEK,Normalbelopp,459
Estland (2018),SEK,Breakfast,-68.85
Estland (2018),SEK,Lunch,-160.65
Estland (2018),SEK,Dinner,-160.65
Estland (2019),SEK,Normalbelopp,491
Estland (2019),SEK,Breakfast,-73.65
Estland (2019),SEK,Lunch,-171.85
Estland (2019),SEK,Dinner,-171.85
Estland (2020),SEK,Normalbelopp,506
Estland (2020),SEK,Breakfast,-75.9
Estland (2020),SEK,Lunch,-177.1
Estland (2020),SEK,Dinner,-177.1
Etiopien (2018),SEK,Normalbelopp,230
Etiopien (2018),SEK,Breakfast,-34.5
Etiopien (2018),SEK,Lunch,-80.5
Etiopien (2018),SEK,Dinner,-80.5
Etiopien (2019),SEK,Normalbelopp,265
Etiopien (2019),SEK,Breakfast,-39.75
Etiopien (2019),SEK,Lunch,-92.75
Etiopien (2019),SEK,Dinner,-92.75
Etiopien (2020),SEK,Normalbelopp,266
Etiopien (2020),SEK,Breakfast,-39.9
Etiopien (2020),SEK,Lunch,-93.1
Etiopien (2020),SEK,Dinner,-93.1
Filippinerna (2018),SEK,Normalbelopp,357
Filippinerna (2018),SEK,Breakfast,-53.55
Filippinerna (2018),SEK,Lunch,-124.95
Filippinerna (2018),SEK,Dinner,-124.95
Filippinerna (2019),SEK,Normalbelopp,384
Filippinerna (2019),SEK,Breakfast,-57.6
Filippinerna (2019),SEK,Lunch,-134.4
Filippinerna (2019),SEK,Dinner,-134.4
Filippinerna (2020),SEK,Normalbelopp,441
Filippinerna (2020),SEK,Breakfast,-66.15
Filippinerna (2020),SEK,Lunch,-154.35
Filippinerna (2020),SEK,Dinner,-154.35
Finland (2018),SEK,Normalbelopp,680
Finland (2018),SEK,Breakfast,-102
Finland (2018),SEK,Lunch,-238
Finland (2018),SEK,Dinner,-238
Finland (2019),SEK,Normalbelopp,729
Finland (2019),SEK,Breakfast,-109.35
Finland (2019),SEK,Lunch,-255.15
Finland (2019),SEK,Dinner,-255.15
Finland (2020),SEK,Normalbelopp,759
Finland (2020),SEK,Breakfast,-113.85
Finland (2020),SEK,Lunch,-265.65
Finland (2020),SEK,Dinner,-265.65
Förenade Arabemiraten (2018),SEK,Normalbelopp,703
Förenade Arabemiraten (2018),SEK,Breakfast,-105.45
Förenade Arabemiraten (2018),SEK,Lunch,-246.05
Förenade Arabemiraten (2018),SEK,Dinner,-246.05
Förenade Arabemiraten (2019),SEK,Normalbelopp,849
Förenade Arabemiraten (2019),SEK,Breakfast,-127.35
Förenade Arabemiraten (2019),SEK,Lunch,-297.15
Förenade Arabemiraten (2019),SEK,Dinner,-297.15
Förenade Arabemiraten (2020),SEK,Normalbelopp,899
Förenade Arabemiraten (2020),SEK,Breakfast,-134.85
Förenade Arabemiraten (2020),SEK,Lunch,-314.65
Förenade Arabemiraten (2020),SEK,Dinner,-314.65
Frankrike (2018),SEK,Normalbelopp,714
Frankrike (2018),SEK,Breakfast,-107.1
Frankrike (2018),SEK,Lunch,-249.9
Frankrike (2018),SEK,Dinner,-249.9
Frankrike (2019),SEK,Normalbelopp,760
Frankrike (2019),SEK,Breakfast,-114
Frankrike (2019),SEK,Lunch,-266
Frankrike (2019),SEK,Dinner,-266
Frankrike (2020),SEK,Normalbelopp,794
Frankrike (2020),SEK,Breakfast,-119.1
Frankrike (2020),SEK,Lunch,-277.9
Frankrike (2020),SEK,Dinner,-277.9
Gabon (2018),SEK,Normalbelopp,708
Gabon (2018),SEK,Breakfast,-106.2
Gabon (2018),SEK,Lunch,-247.8
Gabon (2018),SEK,Dinner,-247.8
Gabon (2019),SEK,Normalbelopp,742
Gabon (2019),SEK,Breakfast,-111.3
Gabon (2019),SEK,Lunch,-259.7
Gabon (2019),SEK,Dinner,-259.7
Gabon (2020),SEK,Normalbelopp,751
Gabon (2020),SEK,Breakfast,-112.65
Gabon (2020),SEK,Lunch,-262.85
Gabon (2020),SEK,Dinner,-262.85
Gambia (2018),SEK,Normalbelopp,237
Gambia (2018),SEK,Breakfast,-35.55
Gambia (2018),SEK,Lunch,-82.95
Gambia (2018),SEK,Dinner,-82.95
Gambia (2019),SEK,Normalbelopp,244
Gambia (2019),SEK,Breakfast,-36.6
Gambia (2019),SEK,Lunch,-85.4
Gambia (2019),SEK,Dinner,-85.4
Gambia (2020),SEK,Normalbelopp,260
Gambia (2020),SEK,Breakfast,-39
Gambia (2020),SEK,Lunch,-91
Gambia (2020),SEK,Dinner,-91
Georgien (2018),SEK,Normalbelopp,230
Georgien (2018),SEK,Breakfast,-34.5
Georgien (2018),SEK,Lunch,-80.5
Georgien (2018),SEK,Dinner,-80.5
Georgien (2019),SEK,Normalbelopp,235
Georgien (2019),SEK,Breakfast,-35.25
Georgien (2019),SEK,Lunch,-82.25
Georgien (2019),SEK,Dinner,-82.25
Georgien (2020),SEK,Normalbelopp,240
Georgien (2020),SEK,Breakfast,-36
Georgien (2020),SEK,Lunch,-84
Georgien (2020),SEK,Dinner,-84
Ghana (2018),SEK,Normalbelopp,404
Ghana (2018),SEK,Breakfast,-60.6
Ghana (2018),SEK,Lunch,-141.4
Ghana (2018),SEK,Dinner,-141.4
Ghana (2019),SEK,Normalbelopp,407
Ghana (2019),SEK,Breakfast,-61.05
Ghana (2019),SEK,Lunch,-142.45
Ghana (2019),SEK,Dinner,-142.45
Ghana (2020),SEK,Normalbelopp,372
Ghana (2020),SEK,Breakfast,-55.8
Ghana (2020),SEK,Lunch,-130.2
Ghana (2020),SEK,Dinner,-130.2
Grekland (2018),SEK,Normalbelopp,589
Grekland (2018),SEK,Breakfast,-88.35
Grekland (2018),SEK,Lunch,-206.15
Grekland (2018),SEK,Dinner,-206.15
Grekland (2019),SEK,Normalbelopp,625
Grekland (2019),SEK,Breakfast,-93.75
Grekland (2019),SEK,Lunch,-218.75
Grekland (2019),SEK,Dinner,-218.75
Grekland (2020),SEK,Normalbelopp,650
Grekland (2020),SEK,Breakfast,-97.5
Grekland (2020),SEK,Lunch,-227.5
Grekland (2020),SEK,Dinner,-227.5
Grenada (2018),SEK,Normalbelopp,477
Grenada (2018),SEK,Breakfast,-71.55
Grenada (2018),SEK,Lunch,-166.95
Grenada (2018),SEK,Dinner,-166.95
Grenada (2019),SEK,Normalbelopp,550
Grenada (2019),SEK,Breakfast,-82.5
Grenada (2019),SEK,Lunch,-192.5
Grenada (2019),SEK,Dinner,-192.5
Grenada (2020),SEK,Normalbelopp,581
Grenada (2020),SEK,Breakfast,-87.15
Grenada (2020),SEK,Lunch,-203.35
Grenada (2020),SEK,Dinner,-203.35
Grönland (2018),SEK,Normalbelopp,915
Grönland (2018),SEK,Breakfast,-137.25
Grönland (2018),SEK,Lunch,-320.25
Grönland (2018),SEK,Dinner,-320.25
Grönland (2019),SEK,Normalbelopp,993
Grönland (2019),SEK,Breakfast,-148.95
Grönland (2019),SEK,Lunch,-347.55
Grönland (2019),SEK,Dinner,-347.55
Grönland (2020),SEK,Normalbelopp,1016
Grönland (2020),SEK,Breakfast,-152.4
Grönland (2020),SEK,Lunch,-355.6
Grönland (2020),SEK,Dinner,-355.6
Guinea (2018),SEK,Normalbelopp,400
Guinea (2018),SEK,Breakfast,-60
Guinea (2018),SEK,Lunch,-140
Guinea (2018),SEK,Dinner,-140
Guinea (2019),SEK,Normalbelopp,444
Guinea (2019),SEK,Breakfast,-66.6
Guinea (2019),SEK,Lunch,-155.4
Guinea (2019),SEK,Dinner,-155.4
Guinea (2020),SEK,Normalbelopp,475
Guinea (2020),SEK,Breakfast,-71.25
Guinea (2020),SEK,Lunch,-166.25
Guinea (2020),SEK,Dinner,-166.25
Guyana (2018),SEK,Normalbelopp,494
Guyana (2018),SEK,Breakfast,-74.1
Guyana (2018),SEK,Lunch,-172.9
Guyana (2018),SEK,Dinner,-172.9
Guyana (2019),SEK,Normalbelopp,518
Guyana (2019),SEK,Breakfast,-77.7
Guyana (2019),SEK,Lunch,-181.3
Guyana (2019),SEK,Dinner,-181.3
Guyana (2020),SEK,Normalbelopp,548
Guyana (2020),SEK,Breakfast,-82.2
Guyana (2020),SEK,Lunch,-191.8
Guyana (2020),SEK,Dinner,-191.8
Haiti (2018),SEK,Normalbelopp,525
Haiti (2018),SEK,Breakfast,-78.75
Haiti (2018),SEK,Lunch,-183.75
Haiti (2018),SEK,Dinner,-183.75
Haiti (2019),SEK,Normalbelopp,548
Haiti (2019),SEK,Breakfast,-82.2
Haiti (2019),SEK,Lunch,-191.8
Haiti (2019),SEK,Dinner,-191.8
Haiti (2020),SEK,Normalbelopp,451
Haiti (2020),SEK,Breakfast,-67.65
Haiti (2020),SEK,Lunch,-157.85
Haiti (2020),SEK,Dinner,-157.85
Honduras (2018),SEK,Normalbelopp,312
Honduras (2018),SEK,Breakfast,-46.8
Honduras (2018),SEK,Lunch,-109.2
Honduras (2018),SEK,Dinner,-109.2
Honduras (2019),SEK,Normalbelopp,328
Honduras (2019),SEK,Breakfast,-49.2
Honduras (2019),SEK,Lunch,-114.8
Honduras (2019),SEK,Dinner,-114.8
Honduras (2020),SEK,Normalbelopp,351
Honduras (2020),SEK,Breakfast,-52.65
Honduras (2020),SEK,Lunch,-122.85
Honduras (2020),SEK,Dinner,-122.85
Hong Kong (2018),SEK,Normalbelopp,538
Hong Kong (2018),SEK,Breakfast,-80.7
Hong Kong (2018),SEK,Lunch,-188.3
Hong Kong (2018),SEK,Dinner,-188.3
Hong Kong (2019),SEK,Normalbelopp,578
Hong Kong (2019),SEK,Breakfast,-86.7
Hong Kong (2019),SEK,Lunch,-202.3
Hong Kong (2019),SEK,Dinner,-202.3
Hong Kong (2020),SEK,Normalbelopp,590
Hong Kong (2020),SEK,Breakfast,-88.5
Hong Kong (2020),SEK,Lunch,-206.5
Hong Kong (2020),SEK,Dinner,-206.5
Indien (2018),SEK,Normalbelopp,319
Indien (2018),SEK,Breakfast,-47.85
Indien (2018),SEK,Lunch,-111.65
Indien (2018),SEK,Dinner,-111.65
Indien (2019),SEK,Normalbelopp,320
Indien (2019),SEK,Breakfast,-48
Indien (2019),SEK,Lunch,-112
Indien (2019),SEK,Dinner,-112
Indien (2020),SEK,Normalbelopp,356
Indien (2020),SEK,Breakfast,-53.4
Indien (2020),SEK,Lunch,-124.6
Indien (2020),SEK,Dinner,-124.6
Indonesien (2018),SEK,Normalbelopp,358
Indonesien (2018),SEK,Breakfast,-53.7
Indonesien (2018),SEK,Lunch,-125.3
Indonesien (2018),SEK,Dinner,-125.3
Indonesien (2019),SEK,Normalbelopp,348
Indonesien (2019),SEK,Breakfast,-52.2
Indonesien (2019),SEK,Lunch,-121.8
Indonesien (2019),SEK,Dinner,-121.8
Indonesien (2020),SEK,Normalbelopp,404
Indonesien (2020),SEK,Breakfast,-60.6
Indonesien (2020),SEK,Lunch,-141.4
Indonesien (2020),SEK,Dinner,-141.4
Irak (2018),SEK,Normalbelopp,626
Irak (2018),SEK,Breakfast,-93.9
Irak (2018),SEK,Lunch,-219.1
Irak (2018),SEK,Dinner,-219.1
Irak (2019),SEK,Normalbelopp,671
Irak (2019),SEK,Breakfast,-100.65
Irak (2019),SEK,Lunch,-234.85
Irak (2019),SEK,Dinner,-234.85
Irak (2020),SEK,Normalbelopp,703
Irak (2020),SEK,Breakfast,-105.45
Irak (2020),SEK,Lunch,-246.05
Irak (2020),SEK,Dinner,-246.05
Iran (2018),SEK,Normalbelopp,410
Iran (2018),SEK,Breakfast,-61.5
Iran (2018),SEK,Lunch,-143.5
Iran (2018),SEK,Dinner,-143.5
Iran (2019),SEK,Normalbelopp,362
Iran (2019),SEK,Breakfast,-54.3
Iran (2019),SEK,Lunch,-126.7
Iran (2019),SEK,Dinner,-126.7
Iran (2020),SEK,Normalbelopp,452
Iran (2020),SEK,Breakfast,-67.8
Iran (2020),SEK,Lunch,-158.2
Iran (2020),SEK,Dinner,-158.2
Irland (2018),SEK,Normalbelopp,654
Irland (2018),SEK,Breakfast,-98.1
Irland (2018),SEK,Lunch,-228.9
Irland (2018),SEK,Dinner,-228.9
Irland (2019),SEK,Normalbelopp,703
Irland (2019),SEK,Breakfast,-105.45
Irland (2019),SEK,Lunch,-246.05
Irland (2019),SEK,Dinner,-246.05
Irland (2020),SEK,Normalbelopp,727
Irland (2020),SEK,Breakfast,-109.05
Irland (2020),SEK,Lunch,-254.45
Irland (2020),SEK,Dinner,-254.45
Island (2018),SEK,Normalbelopp,837
Island (2018),SEK,Breakfast,-125.55
Island (2018),SEK,Lunch,-292.95
Island (2018),SEK,Dinner,-292.95
Island (2019),SEK,Normalbelopp,798
Island (2019),SEK,Breakfast,-119.7
Island (2019),SEK,Lunch,-279.3
Island (2019),SEK,Dinner,-279.3
Island (2020),SEK,Normalbelopp,838
Island (2020),SEK,Breakfast,-125.7
Island (2020),SEK,Lunch,-293.3
Island (2020),SEK,Dinner,-293.3
Israel (2018),SEK,Normalbelopp,828
Israel (2018),SEK,Breakfast,-124.2
Israel (2018),SEK,Lunch,-289.8
Israel (2018),SEK,Dinner,-289.8
Israel (2019),SEK,Normalbelopp,822
Israel (2019),SEK,Breakfast,-123.3
Israel (2019),SEK,Lunch,-287.7
Israel (2019),SEK,Dinner,-287.7
Israel (2020),SEK,Normalbelopp,921
Israel (2020),SEK,Breakfast,-138.15
Israel (2020),SEK,Lunch,-322.35
Israel (2020),SEK,Dinner,-322.35
Italien (2018),SEK,Normalbelopp,540
Italien (2018),SEK,Breakfast,-81
Italien (2018),SEK,Lunch,-189
Italien (2018),SEK,Dinner,-189
Italien (2019),SEK,Normalbelopp,590
Italien (2019),SEK,Breakfast,-88.5
Italien (2019),SEK,Lunch,-206.5
Italien (2019),SEK,Dinner,-206.5
Italien (2020),SEK,Normalbelopp,627
Italien (2020),SEK,Breakfast,-94.05
Italien (2020),SEK,Lunch,-219.45
Italien (2020),SEK,Dinner,-219.45
Jamaica (2018),SEK,Normalbelopp,475
Jamaica (2018),SEK,Breakfast,-71.25
Jamaica (2018),SEK,Lunch,-166.25
Jamaica (2018),SEK,Dinner,-166.25
Jamaica (2019),SEK,Normalbelopp,539
Jamaica (2019),SEK,Breakfast,-80.85
Jamaica (2019),SEK,Lunch,-188.65
Jamaica (2019),SEK,Dinner,-188.65
Jamaica (2020),SEK,Normalbelopp,519
Jamaica (2020),SEK,Breakfast,-77.85
Jamaica (2020),SEK,Lunch,-181.65
Jamaica (2020),SEK,Dinner,-181.65
Japan (2018),SEK,Normalbelopp,503
Japan (2018),SEK,Breakfast,-75.45
Japan (2018),SEK,Lunch,-176.05
Japan (2018),SEK,Dinner,-176.05
Japan (2019),SEK,Normalbelopp,537
Japan (2019),SEK,Breakfast,-80.55
Japan (2019),SEK,Lunch,-187.95
Japan (2019),SEK,Dinner,-187.95
Japan (2020),SEK,Normalbelopp,587
Japan (2020),SEK,Breakfast,-88.05
Japan (2020),SEK,Lunch,-205.45
Japan (2020),SEK,Dinner,-205.45
Jordanien (2018),SEK,Normalbelopp,651
Jordanien (2018),SEK,Breakfast,-97.65
Jordanien (2018),SEK,Lunch,-227.85
Jordanien (2018),SEK,Dinner,-227.85
Jordanien (2019),SEK,Normalbelopp,709
Jordanien (2019),SEK,Breakfast,-106.35
Jordanien (2019),SEK,Lunch,-248.15
Jordanien (2019),SEK,Dinner,-248.15
Jordanien (2020),SEK,Normalbelopp,748
Jordanien (2020),SEK,Breakfast,-112.2
Jordanien (2020),SEK,Lunch,-261.8
Jordanien (2020),SEK,Dinner,-261.8
Kambodja (2018),SEK,Normalbelopp,380
Kambodja (2018),SEK,Breakfast,-57
Kambodja (2018),SEK,Lunch,-133
Kambodja (2018),SEK,Dinner,-133
Kambodja (2019),SEK,Normalbelopp,434
Kambodja (2019),SEK,Breakfast,-65.1
Kambodja (2019),SEK,Lunch,-151.9
Kambodja (2019),SEK,Dinner,-151.9
Kambodja (2020),SEK,Normalbelopp,485
Kambodja (2020),SEK,Breakfast,-72.75
Kambodja (2020),SEK,Lunch,-169.75
Kambodja (2020),SEK,Dinner,-169.75
Kamerun (2018),SEK,Normalbelopp,491
Kamerun (2018),SEK,Breakfast,-73.65
Kamerun (2018),SEK,Lunch,-171.85
Kamerun (2018),SEK,Dinner,-171.85
Kamerun (2019),SEK,Normalbelopp,504
Kamerun (2019),SEK,Breakfast,-75.6
Kamerun (2019),SEK,Lunch,-176.4
Kamerun (2019),SEK,Dinner,-176.4
Kamerun (2020),SEK,Normalbelopp,520
Kamerun (2020),SEK,Breakfast,-78
Kamerun (2020),SEK,Lunch,-182
Kamerun (2020),SEK,Dinner,-182
Kanada (2018),SEK,Normalbelopp,556
Kanada (2018),SEK,Breakfast,-83.4
Kanada (2018),SEK,Lunch,-194.6
Kanada (2018),SEK,Dinner,-194.6
Kanada (2019),SEK,Normalbelopp,616
Kanada (2019),SEK,Breakfast,-92.4
Kanada (2019),SEK,Lunch,-215.6
Kanada (2019),SEK,Dinner,-215.6
Kanada (2020),SEK,Normalbelopp,662
Kanada (2020),SEK,Breakfast,-99.3
Kanada (2020),SEK,Lunch,-231.7
Kanada (2020),SEK,Dinner,-231.7
Kazakstan (2018),SEK,Normalbelopp,262
Kazakstan (2018),SEK,Breakfast,-39.3
Kazakstan (2018),SEK,Lunch,-91.7
Kazakstan (2018),SEK,Dinner,-91.7
Kazakstan (2019),SEK,Normalbelopp,261
Kazakstan (2019),SEK,Breakfast,-39.15
Kazakstan (2019),SEK,Lunch,-91.35
Kazakstan (2019),SEK,Dinner,-91.35
Kazakstan (2020),SEK,Normalbelopp,257
Kazakstan (2020),SEK,Breakfast,-38.55
Kazakstan (2020),SEK,Lunch,-89.95
Kazakstan (2020),SEK,Dinner,-89.95
Kenya (2018),SEK,Normalbelopp,438
Kenya (2018),SEK,Breakfast,-65.7
Kenya (2018),SEK,Lunch,-153.3
Kenya (2018),SEK,Dinner,-153.3
Kenya (2019),SEK,Normalbelopp,488
Kenya (2019),SEK,Breakfast,-73.2
Kenya (2019),SEK,Lunch,-170.8
Kenya (2019),SEK,Dinner,-170.8
Kenya (2020),SEK,Normalbelopp,505
Kenya (2020),SEK,Breakfast,-75.75
Kenya (2020),SEK,Lunch,-176.75
Kenya (2020),SEK,Dinner,-176.75
Kina (2018),SEK,Normalbelopp,538
Kina (2018),SEK,Breakfast,-80.7
Kina (2018),SEK,Lunch,-188.3
Kina (2018),SEK,Dinner,-188.3
Kina (2019),SEK,Normalbelopp,578
Kina (2019),SEK,Breakfast,-86.7
Kina (2019),SEK,Lunch,-202.3
Kina (2019),SEK,Dinner,-202.3
Kina (2020),SEK,Normalbelopp,590
Kina (2020),SEK,Breakfast,-88.5
Kina (2020),SEK,Lunch,-206.5
Kina (2020),SEK,Dinner,-206.5
Kirgizistan (2018),SEK,Normalbelopp,230
Kirgizistan (2018),SEK,Breakfast,-34.5
Kirgizistan (2018),SEK,Lunch,-80.5
Kirgizistan (2018),SEK,Dinner,-80.5
Kirgizistan (2019),SEK,Normalbelopp,259
Kirgizistan (2019),SEK,Breakfast,-38.85
Kirgizistan (2019),SEK,Lunch,-90.65
Kirgizistan (2019),SEK,Dinner,-90.65
Kirgizistan (2020),SEK,Normalbelopp,271
Kirgizistan (2020),SEK,Breakfast,-40.65
Kirgizistan (2020),SEK,Lunch,-94.85
Kirgizistan (2020),SEK,Dinner,-94.85
Kongo (Brazzaville) (2018),SEK,Normalbelopp,500
Kongo (Brazzaville) (2018),SEK,Breakfast,-75
Kongo (Brazzaville) (2018),SEK,Lunch,-175
Kongo (Brazzaville) (2018),SEK,Dinner,-175
Kongo (Brazzaville) (2019),SEK,Normalbelopp,542
Kongo (Brazzaville) (2019),SEK,Breakfast,-81.3
Kongo (Brazzaville) (2019),SEK,Lunch,-189.7
Kongo (Brazzaville) (2019),SEK,Dinner,-189.7
Kongo (Brazzaville) (2020),SEK,Normalbelopp,560
Kongo (Brazzaville) (2020),SEK,Breakfast,-84
Kongo (Brazzaville) (2020),SEK,Lunch,-196
Kongo (Brazzaville) (2020),SEK,Dinner,-196
Kongo (Demokratiska Republiken) (2018),SEK,Normalbelopp,464
Kongo (Demokratiska Republiken) (2018),SEK,Breakfast,-69.6
Kongo (Demokratiska Republiken) (2018),SEK,Lunch,-162.4
Kongo (Demokratiska Republiken) (2018),SEK,Dinner,-162.4
Kongo (Demokratiska Republiken) (2019),SEK,Normalbelopp,638
Kongo (Demokratiska Republiken) (2019),SEK,Breakfast,-95.7
Kongo (Demokratiska Republiken) (2019),SEK,Lunch,-223.3
Kongo (Demokratiska Republiken) (2019),SEK,Dinner,-223.3
Kongo (Demokratiska Republiken) (2020),SEK,Normalbelopp,634
Kongo (Demokratiska Republiken) (2020),SEK,Breakfast,-95.1
Kongo (Demokratiska Republiken) (2020),SEK,Lunch,-221.9
Kongo (Demokratiska Republiken) (2020),SEK,Dinner,-221.9
Kosovo (2018),SEK,Normalbelopp,240
Kosovo (2018),SEK,Breakfast,-36
Kosovo (2018),SEK,Lunch,-84
Kosovo (2018),SEK,Dinner,-84
Kosovo (2019),SEK,Normalbelopp,246
Kosovo (2019),SEK,Breakfast,-36.9
Kosovo (2019),SEK,Lunch,-86.1
Kosovo (2019),SEK,Dinner,-86.1
Kosovo (2020),SEK,Normalbelopp,240
Kosovo (2020),SEK,Breakfast,-36
Kosovo (2020),SEK,Lunch,-84
Kosovo (2020),SEK,Dinner,-84
Kroatien (2018),SEK,Normalbelopp,410
Kroatien (2018),SEK,Breakfast,-61.5
Kroatien (2018),SEK,Lunch,-143.5
Kroatien (2018),SEK,Dinner,-143.5
Kroatien (2019),SEK,Normalbelopp,439
Kroatien (2019),SEK,Breakfast,-65.85
Kroatien (2019),SEK,Lunch,-153.65
Kroatien (2019),SEK,Dinner,-153.65
Kroatien (2020),SEK,Normalbelopp,448
Kroatien (2020),SEK,Breakfast,-67.2
Kroatien (2020),SEK,Lunch,-156.8
Kroatien (2020),SEK,Dinner,-156.8
Kuba (2018),SEK,Normalbelopp,379
Kuba (2018),SEK,Breakfast,-56.85
Kuba (2018),SEK,Lunch,-132.65
Kuba (2018),SEK,Dinner,-132.65
Kuba (2019),SEK,Normalbelopp,413
Kuba (2019),SEK,Breakfast,-61.95
Kuba (2019),SEK,Lunch,-144.55
Kuba (2019),SEK,Dinner,-144.55
Kuba (2020),SEK,Normalbelopp,449
Kuba (2020),SEK,Breakfast,-67.35
Kuba (2020),SEK,Lunch,-157.15
Kuba (2020),SEK,Dinner,-157.15
Kuwait (2018),SEK,Normalbelopp,677
Kuwait (2018),SEK,Breakfast,-101.55
Kuwait (2018),SEK,Lunch,-236.95
Kuwait (2018),SEK,Dinner,-236.95
Kuwait (2019),SEK,Normalbelopp,741
Kuwait (2019),SEK,Breakfast,-111.15
Kuwait (2019),SEK,Lunch,-259.35
Kuwait (2019),SEK,Dinner,-259.35
Kuwait (2020),SEK,Normalbelopp,791
Kuwait (2020),SEK,Breakfast,-118.65
Kuwait (2020),SEK,Lunch,-276.85
Kuwait (2020),SEK,Dinner,-276.85
Laos (2018),SEK,Normalbelopp,278
Laos (2018),SEK,Breakfast,-41.7
Laos (2018),SEK,Lunch,-97.3
Laos (2018),SEK,Dinner,-97.3
Laos (2019),SEK,Normalbelopp,302
Laos (2019),SEK,Breakfast,-45.3
Laos (2019),SEK,Lunch,-105.7
Laos (2019),SEK,Dinner,-105.7
Laos (2020),SEK,Normalbelopp,308
Laos (2020),SEK,Breakfast,-46.2
Laos (2020),SEK,Lunch,-107.8
Laos (2020),SEK,Dinner,-107.8
Lettland (2018),SEK,Normalbelopp,460
Lettland (2018),SEK,Breakfast,-69
Lettland (2018),SEK,Lunch,-161
Lettland (2018),SEK,Dinner,-161
Lettland (2019),SEK,Normalbelopp,505
Lettland (2019),SEK,Breakfast,-75.75
Lettland (2019),SEK,Lunch,-176.75
Lettland (2019),SEK,Dinner,-176.75
Lettland (2020),SEK,Normalbelopp,529
Lettland (2020),SEK,Breakfast,-79.35
Lettland (2020),SEK,Lunch,-185.15
Lettland (2020),SEK,Dinner,-185.15
Libanon (2018),SEK,Normalbelopp,674
Libanon (2018),SEK,Breakfast,-101.1
Libanon (2018),SEK,Lunch,-235.9
Libanon (2018),SEK,Dinner,-235.9
Libanon (2019),SEK,Normalbelopp,738
Libanon (2019),SEK,Breakfast,-110.7
Libanon (2019),SEK,Lunch,-258.3
Libanon (2019),SEK,Dinner,-258.3
Libanon (2020),SEK,Normalbelopp,766
Libanon (2020),SEK,Breakfast,-114.9
Libanon (2020),SEK,Lunch,-268.1
Libanon (2020),SEK,Dinner,-268.1
Liberia (2018),SEK,Normalbelopp,549
Liberia (2018),SEK,Breakfast,-82.35
Liberia (2018),SEK,Lunch,-192.15
Liberia (2018),SEK,Dinner,-192.15
Liberia (2019),SEK,Normalbelopp,569
Liberia (2019),SEK,Breakfast,-85.35
Liberia (2019),SEK,Lunch,-199.15
Liberia (2019),SEK,Dinner,-199.15
Liberia (2020),SEK,Normalbelopp,604
Liberia (2020),SEK,Breakfast,-90.6
Liberia (2020),SEK,Lunch,-211.4
Liberia (2020),SEK,Dinner,-211.4
Libyen (2018),SEK,Normalbelopp,584
Libyen (2018),SEK,Breakfast,-87.6
Libyen (2018),SEK,Lunch,-204.4
Libyen (2018),SEK,Dinner,-204.4
Libyen (2019),SEK,Normalbelopp,707
Libyen (2019),SEK,Breakfast,-106.05
Libyen (2019),SEK,Lunch,-247.45
Libyen (2019),SEK,Dinner,-247.45
Libyen (2020),SEK,Normalbelopp,775
Libyen (2020),SEK,Breakfast,-116.25
Libyen (2020),SEK,Lunch,-271.25
Libyen (2020),SEK,Dinner,-271.25
Liechtenstein (2018),SEK,Normalbelopp,705
Liechtenstein (2018),SEK,Breakfast,-105.75
Liechtenstein (2018),SEK,Lunch,-246.75
Liechtenstein (2018),SEK,Dinner,-246.75
Liechtenstein (2019),SEK,Normalbelopp,794
Liechtenstein (2019),SEK,Breakfast,-119.1
Liechtenstein (2019),SEK,Lunch,-277.9
Liechtenstein (2019),SEK,Dinner,-277.9
Liechtenstein (2020),SEK,Normalbelopp,914
Liechtenstein (2020),SEK,Breakfast,-137.1
Liechtenstein (2020),SEK,Lunch,-319.9
Liechtenstein (2020),SEK,Dinner,-319.9
Litauen (2018),SEK,Normalbelopp,345
Litauen (2018),SEK,Breakfast,-51.75
Litauen (2018),SEK,Lunch,-120.75
Litauen (2018),SEK,Dinner,-120.75
Litauen (2019),SEK,Normalbelopp,377
Litauen (2019),SEK,Breakfast,-56.55
Litauen (2019),SEK,Lunch,-131.95
Litauen (2019),SEK,Dinner,-131.95
Litauen (2020),SEK,Normalbelopp,398
Litauen (2020),SEK,Breakfast,-59.7
Litauen (2020),SEK,Lunch,-139.3
Litauen (2020),SEK,Dinner,-139.3
Luxemburg (2018),SEK,Normalbelopp,669
Luxemburg (2018),SEK,Breakfast,-100.35
Luxemburg (2018),SEK,Lunch,-234.15
Luxemburg (2018),SEK,Dinner,-234.15
Luxemburg (2019),SEK,Normalbelopp,735
Luxemburg (2019),SEK,Breakfast,-110.25
Luxemburg (2019),SEK,Lunch,-257.25
Luxemburg (2019),SEK,Dinner,-257.25
Luxemburg (2020),SEK,Normalbelopp,776
Luxemburg (2020),SEK,Breakfast,-116.4
Luxemburg (2020),SEK,Lunch,-271.6
Luxemburg (2020),SEK,Dinner,-271.6
Macao (2018),SEK,Normalbelopp,538
Macao (2018),SEK,Breakfast,-80.7
Macao (2018),SEK,Lunch,-188.3
Macao (2018),SEK,Dinner,-188.3
Macao (2019),SEK,Normalbelopp,578
Macao (2019),SEK,Breakfast,-86.7
Macao (2019),SEK,Lunch,-202.3
Macao (2019),SEK,Dinner,-202.3
Macao (2020),SEK,Normalbelopp,590
Macao (2020),SEK,Breakfast,-88.5
Macao (2020),SEK,Lunch,-206.5
Macao (2020),SEK,Dinner,-206.5
Madagaskar (2018),SEK,Normalbelopp,230
Madagaskar (2018),SEK,Breakfast,-34.5
Madagaskar (2018),SEK,Lunch,-80.5
Madagaskar (2018),SEK,Dinner,-80.5
Madagaskar (2019),SEK,Normalbelopp,230
Madagaskar (2019),SEK,Breakfast,-34.5
Madagaskar (2019),SEK,Lunch,-80.5
Madagaskar (2019),SEK,Dinner,-80.5
Madagaskar (2020),SEK,Normalbelopp,240
Madagaskar (2020),SEK,Breakfast,-36
Madagaskar (2020),SEK,Lunch,-84
Madagaskar (2020),SEK,Dinner,-84
Makedonien (2018),SEK,Normalbelopp,297
Makedonien (2018),SEK,Breakfast,-44.55
Makedonien (2018),SEK,Lunch,-103.95
Makedonien (2018),SEK,Dinner,-103.95
Makedonien (2019),SEK,Normalbelopp,321
Makedonien (2019),SEK,Breakfast,-48.15
Makedonien (2019),SEK,Lunch,-112.35
Makedonien (2019),SEK,Dinner,-112.35
Makedonien (2020),SEK,Normalbelopp,327
Makedonien (2020),SEK,Breakfast,-49.05
Makedonien (2020),SEK,Lunch,-114.45
Makedonien (2020),SEK,Dinner,-114.45
Malawi (2018),SEK,Normalbelopp,230
Malawi (2018),SEK,Breakfast,-34.5
Malawi (2018),SEK,Lunch,-80.5
Malawi (2018),SEK,Dinner,-80.5
Malawi (2019),SEK,Normalbelopp,281
Malawi (2019),SEK,Breakfast,-42.15
Malawi (2019),SEK,Lunch,-98.35
Malawi (2019),SEK,Dinner,-98.35
Malawi (2020),SEK,Normalbelopp,385
Malawi (2020),SEK,Breakfast,-57.75
Malawi (2020),SEK,Lunch,-134.75
Malawi (2020),SEK,Dinner,-134.75
Malaysia (2018),SEK,Normalbelopp,274
Malaysia (2018),SEK,Breakfast,-41.1
Malaysia (2018),SEK,Lunch,-95.9
Malaysia (2018),SEK,Dinner,-95.9
Malaysia (2019),SEK,Normalbelopp,307
Malaysia (2019),SEK,Breakfast,-46.05
Malaysia (2019),SEK,Lunch,-107.45
Malaysia (2019),SEK,Dinner,-107.45
Malaysia (2020),SEK,Normalbelopp,330
Malaysia (2020),SEK,Breakfast,-49.5
Malaysia (2020),SEK,Lunch,-115.5
Malaysia (2020),SEK,Dinner,-115.5
Maldiverna (2018),SEK,Normalbelopp,339
Maldiverna (2018),SEK,Breakfast,-50.85
Maldiverna (2018),SEK,Lunch,-118.65
Maldiverna (2018),SEK,Dinner,-118.65
Maldiverna (2019),SEK,Normalbelopp,393
Maldiverna (2019),SEK,Breakfast,-58.95
Maldiverna (2019),SEK,Lunch,-137.55
Maldiverna (2019),SEK,Dinner,-137.55
Maldiverna (2020),SEK,Normalbelopp,433
Maldiverna (2020),SEK,Breakfast,-64.95
Maldiverna (2020),SEK,Lunch,-151.55
Maldiverna (2020),SEK,Dinner,-151.55
Mali (2018),SEK,Normalbelopp,440
Mali (2018),SEK,Breakfast,-66
Mali (2018),SEK,Lunch,-154
Mali (2018),SEK,Dinner,-154
Mali (2019),SEK,Normalbelopp,450
Mali (2019),SEK,Breakfast,-67.5
Mali (2019),SEK,Lunch,-157.5
Mali (2019),SEK,Dinner,-157.5
Mali (2020),SEK,Normalbelopp,454
Mali (2020),SEK,Breakfast,-68.1
Mali (2020),SEK,Lunch,-158.9
Mali (2020),SEK,Dinner,-158.9
Malta (2018),SEK,Normalbelopp,480
Malta (2018),SEK,Breakfast,-72
Malta (2018),SEK,Lunch,-168
Malta (2018),SEK,Dinner,-168
Malta (2019),SEK,Normalbelopp,510
Malta (2019),SEK,Breakfast,-76.5
Malta (2019),SEK,Lunch,-178.5
Malta (2019),SEK,Dinner,-178.5
Malta (2020),SEK,Normalbelopp,538
Malta (2020),SEK,Breakfast,-80.7
Malta (2020),SEK,Lunch,-188.3
Malta (2020),SEK,Dinner,-188.3
Marocko (2018),SEK,Normalbelopp,376
Marocko (2018),SEK,Breakfast,-56.4
Marocko (2018),SEK,Lunch,-131.6
Marocko (2018),SEK,Dinner,-131.6
Marocko (2019),SEK,Normalbelopp,414
Marocko (2019),SEK,Breakfast,-62.1
Marocko (2019),SEK,Lunch,-144.9
Marocko (2019),SEK,Dinner,-144.9
Marocko (2020),SEK,Normalbelopp,446
Marocko (2020),SEK,Breakfast,-66.9
Marocko (2020),SEK,Lunch,-156.1
Marocko (2020),SEK,Dinner,-156.1
Mauretanien (2018),SEK,Normalbelopp,319
Mauretanien (2018),SEK,Breakfast,-47.85
Mauretanien (2018),SEK,Lunch,-111.65
Mauretanien (2018),SEK,Dinner,-111.65
Mauretanien (2019),SEK,Normalbelopp,340
Mauretanien (2019),SEK,Breakfast,-51
Mauretanien (2019),SEK,Lunch,-119
Mauretanien (2019),SEK,Dinner,-119
Mauretanien (2020),SEK,Normalbelopp,353
Mauretanien (2020),SEK,Breakfast,-52.95
Mauretanien (2020),SEK,Lunch,-123.55
Mauretanien (2020),SEK,Dinner,-123.55
Mauritius (2018),SEK,Normalbelopp,399
Mauritius (2018),SEK,Breakfast,-59.85
Mauritius (2018),SEK,Lunch,-139.65
Mauritius (2018),SEK,Dinner,-139.65
Mauritius (2019),SEK,Normalbelopp,456
Mauritius (2019),SEK,Breakfast,-68.4
Mauritius (2019),SEK,Lunch,-159.6
Mauritius (2019),SEK,Dinner,-159.6
Mauritius (2020),SEK,Normalbelopp,465
Mauritius (2020),SEK,Breakfast,-69.75
Mauritius (2020),SEK,Lunch,-162.75
Mauritius (2020),SEK,Dinner,-162.75
Mexiko (2018),SEK,Normalbelopp,293
Mexiko (2018),SEK,Breakfast,-43.95
Mexiko (2018),SEK,Lunch,-102.55
Mexiko (2018),SEK,Dinner,-102.55
Mexiko (2019),SEK,Normalbelopp,301
Mexiko (2019),SEK,Breakfast,-45.15
Mexiko (2019),SEK,Lunch,-105.35
Mexiko (2019),SEK,Dinner,-105.35
Mexiko (2020),SEK,Normalbelopp,367
Mexiko (2020),SEK,Breakfast,-55.05
Mexiko (2020),SEK,Lunch,-128.45
Mexiko (2020),SEK,Dinner,-128.45
Mikronesien (2018),SEK,Normalbelopp,396
Mikronesien (2018),SEK,Breakfast,-59.4
Mikronesien (2018),SEK,Lunch,-138.6
Mikronesien (2018),SEK,Dinner,-138.6
Mikronesien (2019),SEK,Normalbelopp,443
Mikronesien (2019),SEK,Breakfast,-66.45
Mikronesien (2019),SEK,Lunch,-155.05
Mikronesien (2019),SEK,Dinner,-155.05
Mikronesien (2020),SEK,Normalbelopp,464
Mikronesien (2020),SEK,Breakfast,-69.6
Mikronesien (2020),SEK,Lunch,-162.4
Mikronesien (2020),SEK,Dinner,-162.4
Mocambique (2018),SEK,Normalbelopp,255
Mocambique (2018),SEK,Breakfast,-38.25
Mocambique (2018),SEK,Lunch,-89.25
Mocambique (2018),SEK,Dinner,-89.25
Mocambique (2019),SEK,Normalbelopp,288
Mocambique (2019),SEK,Breakfast,-43.2
Mocambique (2019),SEK,Lunch,-100.8
Mocambique (2019),SEK,Dinner,-100.8
Mocambique (2020),SEK,Normalbelopp,297
Mocambique (2020),SEK,Breakfast,-44.55
Mocambique (2020),SEK,Lunch,-103.95
Mocambique (2020),SEK,Dinner,-103.95
Moldavien (2018),SEK,Normalbelopp,230
Moldavien (2018),SEK,Breakfast,-34.5
Moldavien (2018),SEK,Lunch,-80.5
Moldavien (2018),SEK,Dinner,-80.5
Moldavien (2019),SEK,Normalbelopp,248
Moldavien (2019),SEK,Breakfast,-37.2
Moldavien (2019),SEK,Lunch,-86.8
Moldavien (2019),SEK,Dinner,-86.8
Moldavien (2020),SEK,Normalbelopp,285
Moldavien (2020),SEK,Breakfast,-42.75
Moldavien (2020),SEK,Lunch,-99.75
Moldavien (2020),SEK,Dinner,-99.75
Monaco (2018),SEK,Normalbelopp,818
Monaco (2018),SEK,Breakfast,-122.7
Monaco (2018),SEK,Lunch,-286.3
Monaco (2018),SEK,Dinner,-286.3
Monaco (2019),SEK,Normalbelopp,858
Monaco (2019),SEK,Breakfast,-128.7
Monaco (2019),SEK,Lunch,-300.3
Monaco (2019),SEK,Dinner,-300.3
Monaco (2020),SEK,Normalbelopp,906
Monaco (2020),SEK,Breakfast,-135.9
Monaco (2020),SEK,Lunch,-317.1
Monaco (2020),SEK,Dinner,-317.1
Mongoliet (2018),SEK,Normalbelopp,230
Mongoliet (2018),SEK,Breakfast,-34.5
Mongoliet (2018),SEK,Lunch,-80.5
Mongoliet (2018),SEK,Dinner,-80.5
Mongoliet (2019),SEK,Normalbelopp,280
Mongoliet (2019),SEK,Breakfast,-42
Mongoliet (2019),SEK,Lunch,-98
Mongoliet (2019),SEK,Dinner,-98
Mongoliet (2020),SEK,Normalbelopp,283
Mongoliet (2020),SEK,Breakfast,-42.45
Mongoliet (2020),SEK,Lunch,-99.05
Mongoliet (2020),SEK,Dinner,-99.05
Montenegro (2018),SEK,Normalbelopp,393
Montenegro (2018),SEK,Breakfast,-58.95
Montenegro (2018),SEK,Lunch,-137.55
Montenegro (2018),SEK,Dinner,-137.55
Montenegro (2019),SEK,Normalbelopp,423
Montenegro (2019),SEK,Breakfast,-63.45
Montenegro (2019),SEK,Lunch,-148.05
Montenegro (2019),SEK,Dinner,-148.05
Montenegro (2020),SEK,Normalbelopp,391
Montenegro (2020),SEK,Breakfast,-58.65
Montenegro (2020),SEK,Lunch,-136.85
Montenegro (2020),SEK,Dinner,-136.85
Myanmar (2018),SEK,Normalbelopp,315
Myanmar (2018),SEK,Breakfast,-47.25
Myanmar (2018),SEK,Lunch,-110.25
Myanmar (2018),SEK,Dinner,-110.25
Myanmar (2019),SEK,Normalbelopp,286
Myanmar (2019),SEK,Breakfast,-42.9
Myanmar (2019),SEK,Lunch,-100.1
Myanmar (2019),SEK,Dinner,-100.1
Myanmar (2020),SEK,Normalbelopp,318
Myanmar (2020),SEK,Breakfast,-47.7
Myanmar (2020),SEK,Lunch,-111.3
Myanmar (2020),SEK,Dinner,-111.3
Nederländerna (2018),SEK,Normalbelopp,554
Nederländerna (2018),SEK,Breakfast,-83.1
Nederländerna (2018),SEK,Lunch,-193.9
Nederländerna (2018),SEK,Dinner,-193.9
Nederländerna (2019),SEK,Normalbelopp,610
Nederländerna (2019),SEK,Breakfast,-91.5
Nederländerna (2019),SEK,Lunch,-213.5
Nederländerna (2019),SEK,Dinner,-213.5
Nederländerna (2020),SEK,Normalbelopp,648
Nederländerna (2020),SEK,Breakfast,-97.2
Nederländerna (2020),SEK,Lunch,-226.8
Nederländerna (2020),SEK,Dinner,-226.8
Nederländska Antillerna (2018),SEK,Normalbelopp,490
Nederländska Antillerna (2018),SEK,Breakfast,-73.5
Nederländska Antillerna (2018),SEK,Lunch,-171.5
Nederländska Antillerna (2018),SEK,Dinner,-171.5
Nederländska Antillerna (2019),SEK,Normalbelopp,544
Nederländska Antillerna (2019),SEK,Breakfast,-81.6
Nederländska Antillerna (2019),SEK,Lunch,-190.4
Nederländska Antillerna (2019),SEK,Dinner,-190.4
Nederländska Antillerna (2020),SEK,Normalbelopp,601
Nederländska Antillerna (2020),SEK,Breakfast,-90.15
Nederländska Antillerna (2020),SEK,Lunch,-210.35
Nederländska Antillerna (2020),SEK,Dinner,-210.35
Nepal (2018),SEK,Normalbelopp,268
Nepal (2018),SEK,Breakfast,-40.2
Nepal (2018),SEK,Lunch,-93.8
Nepal (2018),SEK,Dinner,-93.8
Nepal (2019),SEK,Normalbelopp,258
Nepal (2019),SEK,Breakfast,-38.7
Nepal (2019),SEK,Lunch,-90.3
Nepal (2019),SEK,Dinner,-90.3
Nepal (2020),SEK,Normalbelopp,287
Nepal (2020),SEK,Breakfast,-43.05
Nepal (2020),SEK,Lunch,-100.45
Nepal (2020),SEK,Dinner,-100.45
Nicaragua (2018),SEK,Normalbelopp,328
Nicaragua (2018),SEK,Breakfast,-49.2
Nicaragua (2018),SEK,Lunch,-114.8
Nicaragua (2018),SEK,Dinner,-114.8
Nicaragua (2019),SEK,Normalbelopp,334
Nicaragua (2019),SEK,Breakfast,-50.1
Nicaragua (2019),SEK,Lunch,-116.9
Nicaragua (2019),SEK,Dinner,-116.9
Nicaragua (2020),SEK,Normalbelopp,367
Nicaragua (2020),SEK,Breakfast,-55.05
Nicaragua (2020),SEK,Lunch,-128.45
Nicaragua (2020),SEK,Dinner,-128.45
Niger (2018),SEK,Normalbelopp,306
Niger (2018),SEK,Breakfast,-45.9
Niger (2018),SEK,Lunch,-107.1
Niger (2018),SEK,Dinner,-107.1
Niger (2019),SEK,Normalbelopp,339
Niger (2019),SEK,Breakfast,-50.85
Niger (2019),SEK,Lunch,-118.65
Niger (2019),SEK,Dinner,-118.65
Niger (2020),SEK,Normalbelopp,354
Niger (2020),SEK,Breakfast,-53.1
Niger (2020),SEK,Lunch,-123.9
Niger (2020),SEK,Dinner,-123.9
Nigeria (2018),SEK,Normalbelopp,418
Nigeria (2018),SEK,Breakfast,-62.7
Nigeria (2018),SEK,Lunch,-146.3
Nigeria (2018),SEK,Dinner,-146.3
Nigeria (2019),SEK,Normalbelopp,501
Nigeria (2019),SEK,Breakfast,-75.15
Nigeria (2019),SEK,Lunch,-175.35
Nigeria (2019),SEK,Dinner,-175.35
Nigeria (2020),SEK,Normalbelopp,549
Nigeria (2020),SEK,Breakfast,-82.35
Nigeria (2020),SEK,Lunch,-192.15
Nigeria (2020),SEK,Dinner,-192.15
Nordmakedonien - f.d. Makedonien (2020),SEK,Normalbelopp,327
Nordmakedonien - f.d. Makedonien (2020),SEK,Breakfast,-49.05
Nordmakedonien - f.d. Makedonien (2020),SEK,Lunch,-114.45
Nordmakedonien - f.d. Makedonien (2020),SEK,Dinner,-114.45
Norge (2018),SEK,Normalbelopp,823
Norge (2018),SEK,Breakfast,-123.45
Norge (2018),SEK,Lunch,-288.05
Norge (2018),SEK,Dinner,-288.05
Norge (2019),SEK,Normalbelopp,876
Norge (2019),SEK,Breakfast,-131.4
Norge (2019),SEK,Lunch,-306.6
Norge (2019),SEK,Dinner,-306.6
Norge (2020),SEK,Normalbelopp,893
Norge (2020),SEK,Breakfast,-133.95
Norge (2020),SEK,Lunch,-312.55
Norge (2020),SEK,Dinner,-312.55
Nya Zeeland (2018),SEK,Normalbelopp,538
Nya Zeeland (2018),SEK,Breakfast,-80.7
Nya Zeeland (2018),SEK,Lunch,-188.3
Nya Zeeland (2018),SEK,Dinner,-188.3
Nya Zeeland (2019),SEK,Normalbelopp,565
Nya Zeeland (2019),SEK,Breakfast,-84.75
Nya Zeeland (2019),SEK,Lunch,-197.75
Nya Zeeland (2019),SEK,Dinner,-197.75
Nya Zeeland (2020),SEK,Normalbelopp,585
Nya Zeeland (2020),SEK,Breakfast,-87.75
Nya Zeeland (2020),SEK,Lunch,-204.75
Nya Zeeland (2020),SEK,Dinner,-204.75
Oman (2018),SEK,Normalbelopp,685
Oman (2018),SEK,Breakfast,-102.75
Oman (2018),SEK,Lunch,-239.75
Oman (2018),SEK,Dinner,-239.75
Oman (2019),SEK,Normalbelopp,748
Oman (2019),SEK,Breakfast,-112.2
Oman (2019),SEK,Lunch,-261.8
Oman (2019),SEK,Dinner,-261.8
Oman (2020),SEK,Normalbelopp,777
Oman (2020),SEK,Breakfast,-116.55
Oman (2020),SEK,Lunch,-271.95
Oman (2020),SEK,Dinner,-271.95
Österrike (2018),SEK,Normalbelopp,583
Österrike (2018),SEK,Breakfast,-87.45
Österrike (2018),SEK,Lunch,-204.05
Österrike (2018),SEK,Dinner,-204.05
Österrike (2019),SEK,Normalbelopp,616
Österrike (2019),SEK,Breakfast,-92.4
Österrike (2019),SEK,Lunch,-215.6
Österrike (2019),SEK,Dinner,-215.6
Österrike (2020),SEK,Normalbelopp,641
Österrike (2020),SEK,Breakfast,-96.15
Österrike (2020),SEK,Lunch,-224.35
Österrike (2020),SEK,Dinner,-224.35
Övriga länder och områden (2018),SEK,Normalbelopp,357
Övriga länder och områden (2018),SEK,Breakfast,-53.55
Övriga länder och områden (2018),SEK,Lunch,-124.95
Övriga länder och områden (2018),SEK,Dinner,-124.95
Övriga länder och områden (2019),SEK,Normalbelopp,369
Övriga länder och områden (2019),SEK,Breakfast,-55.35
Övriga länder och områden (2019),SEK,Lunch,-129.15
Övriga länder och områden (2019),SEK,Dinner,-129.15
Övriga länder och områden (2020),SEK,Normalbelopp,392
Övriga länder och områden (2020),SEK,Breakfast,-58.8
Övriga länder och områden (2020),SEK,Lunch,-137.2
Övriga länder och områden (2020),SEK,Dinner,-137.2
Pakistan (2018),SEK,Normalbelopp,296
Pakistan (2018),SEK,Breakfast,-44.4
Pakistan (2018),SEK,Lunch,-103.6
Pakistan (2018),SEK,Dinner,-103.6
Pakistan (2019),SEK,Normalbelopp,230
Pakistan (2019),SEK,Breakfast,-34.5
Pakistan (2019),SEK,Lunch,-80.5
Pakistan (2019),SEK,Dinner,-80.5
Pakistan (2020),SEK,Normalbelopp,240
Pakistan (2020),SEK,Breakfast,-36
Pakistan (2020),SEK,Lunch,-84
Pakistan (2020),SEK,Dinner,-84
Panama (2018),SEK,Normalbelopp,444
Panama (2018),SEK,Breakfast,-66.6
Panama (2018),SEK,Lunch,-155.4
Panama (2018),SEK,Dinner,-155.4
Panama (2019),SEK,Normalbelopp,505
Panama (2019),SEK,Breakfast,-75.75
Panama (2019),SEK,Lunch,-176.75
Panama (2019),SEK,Dinner,-176.75
Panama (2020),SEK,Normalbelopp,564
Panama (2020),SEK,Breakfast,-84.6
Panama (2020),SEK,Lunch,-197.4
Panama (2020),SEK,Dinner,-197.4
Papua Nya Guinea (2018),SEK,Normalbelopp,452
Papua Nya Guinea (2018),SEK,Breakfast,-67.8
Papua Nya Guinea (2018),SEK,Lunch,-158.2
Papua Nya Guinea (2018),SEK,Dinner,-158.2
Papua Nya Guinea (2019),SEK,Normalbelopp,487
Papua Nya Guinea (2019),SEK,Breakfast,-73.05
Papua Nya Guinea (2019),SEK,Lunch,-170.45
Papua Nya Guinea (2019),SEK,Dinner,-170.45
Papua Nya Guinea (2020),SEK,Normalbelopp,515
Papua Nya Guinea (2020),SEK,Breakfast,-77.25
Papua Nya Guinea (2020),SEK,Lunch,-180.25
Papua Nya Guinea (2020),SEK,Dinner,-180.25
Paraguay (2018),SEK,Normalbelopp,298
Paraguay (2018),SEK,Breakfast,-44.7
Paraguay (2018),SEK,Lunch,-104.3
Paraguay (2018),SEK,Dinner,-104.3
Paraguay (2019),SEK,Normalbelopp,316
Paraguay (2019),SEK,Breakfast,-47.4
Paraguay (2019),SEK,Lunch,-110.6
Paraguay (2019),SEK,Dinner,-110.6
Paraguay (2020),SEK,Normalbelopp,314
Paraguay (2020),SEK,Breakfast,-47.1
Paraguay (2020),SEK,Lunch,-109.9
Paraguay (2020),SEK,Dinner,-109.9
Peru (2018),SEK,Normalbelopp,457
Peru (2018),SEK,Breakfast,-68.55
Peru (2018),SEK,Lunch,-159.95
Peru (2018),SEK,Dinner,-159.95
Peru (2019),SEK,Normalbelopp,481
Peru (2019),SEK,Breakfast,-72.15
Peru (2019),SEK,Lunch,-168.35
Peru (2019),SEK,Dinner,-168.35
Peru (2020),SEK,Normalbelopp,511
Peru (2020),SEK,Breakfast,-76.65
Peru (2020),SEK,Lunch,-178.85
Peru (2020),SEK,Dinner,-178.85
Polen (2018),SEK,Normalbelopp,411
Polen (2018),SEK,Breakfast,-61.65
Polen (2018),SEK,Lunch,-143.85
Polen (2018),SEK,Dinner,-143.85
Polen (2019),SEK,Normalbelopp,436
Polen (2019),SEK,Breakfast,-65.4
Polen (2019),SEK,Lunch,-152.6
Polen (2019),SEK,Dinner,-152.6
Polen (2020),SEK,Normalbelopp,461
Polen (2020),SEK,Breakfast,-69.15
Polen (2020),SEK,Lunch,-161.35
Polen (2020),SEK,Dinner,-161.35
Portugal (2018),SEK,Normalbelopp,432
Portugal (2018),SEK,Breakfast,-64.8
Portugal (2018),SEK,Lunch,-151.2
Portugal (2018),SEK,Dinner,-151.2
Portugal (2019),SEK,Normalbelopp,461
Portugal (2019),SEK,Breakfast,-69.15
Portugal (2019),SEK,Lunch,-161.35
Portugal (2019),SEK,Dinner,-161.35
Portugal (2020),SEK,Normalbelopp,486
Portugal (2020),SEK,Breakfast,-72.9
Portugal (2020),SEK,Lunch,-170.1
Portugal (2020),SEK,Dinner,-170.1
Puerto Rico (2018),SEK,Normalbelopp,689
Puerto Rico (2018),SEK,Breakfast,-103.35
Puerto Rico (2018),SEK,Lunch,-241.15
Puerto Rico (2018),SEK,Dinner,-241.15
Puerto Rico (2019),SEK,Normalbelopp,762
Puerto Rico (2019),SEK,Breakfast,-114.3
Puerto Rico (2019),SEK,Lunch,-266.7
Puerto Rico (2019),SEK,Dinner,-266.7
Puerto Rico (2020),SEK,Normalbelopp,851
Puerto Rico (2020),SEK,Breakfast,-127.65
Puerto Rico (2020),SEK,Lunch,-297.85
Puerto Rico (2020),SEK,Dinner,-297.85
Qatar (2018),SEK,Normalbelopp,645
Qatar (2018),SEK,Breakfast,-96.75
Qatar (2018),SEK,Lunch,-225.75
Qatar (2018),SEK,Dinner,-225.75
Qatar (2019),SEK,Normalbelopp,716
Qatar (2019),SEK,Breakfast,-107.4
Qatar (2019),SEK,Lunch,-250.6
Qatar (2019),SEK,Dinner,-250.6
Qatar (2020),SEK,Normalbelopp,766
Qatar (2020),SEK,Breakfast,-114.9
Qatar (2020),SEK,Lunch,-268.1
Qatar (2020),SEK,Dinner,-268.1
Rumänien (2018),SEK,Normalbelopp,312
Rumänien (2018),SEK,Breakfast,-46.8
Rumänien (2018),SEK,Lunch,-109.2
Rumänien (2018),SEK,Dinner,-109.2
Rumänien (2019),SEK,Normalbelopp,332
Rumänien (2019),SEK,Breakfast,-49.8
Rumänien (2019),SEK,Lunch,-116.2
Rumänien (2019),SEK,Dinner,-116.2
Rumänien (2020),SEK,Normalbelopp,337
Rumänien (2020),SEK,Breakfast,-50.55
Rumänien (2020),SEK,Lunch,-117.95
Rumänien (2020),SEK,Dinner,-117.95
Rwanda (2018),SEK,Normalbelopp,296
Rwanda (2018),SEK,Breakfast,-44.4
Rwanda (2018),SEK,Lunch,-103.6
Rwanda (2018),SEK,Dinner,-103.6
Rwanda (2019),SEK,Normalbelopp,333
Rwanda (2019),SEK,Breakfast,-49.95
Rwanda (2019),SEK,Lunch,-116.55
Rwanda (2019),SEK,Dinner,-116.55
Rwanda (2020),SEK,Normalbelopp,332
Rwanda (2020),SEK,Breakfast,-49.8
Rwanda (2020),SEK,Lunch,-116.2
Rwanda (2020),SEK,Dinner,-116.2
Ryssland (2018),SEK,Normalbelopp,470
Ryssland (2018),SEK,Breakfast,-70.5
Ryssland (2018),SEK,Lunch,-164.5
Ryssland (2018),SEK,Dinner,-164.5
Ryssland (2019),SEK,Normalbelopp,455
Ryssland (2019),SEK,Breakfast,-68.25
Ryssland (2019),SEK,Lunch,-159.25
Ryssland (2019),SEK,Dinner,-159.25
Ryssland (2020),SEK,Normalbelopp,520
Ryssland (2020),SEK,Breakfast,-78
Ryssland (2020),SEK,Lunch,-182
Ryssland (2020),SEK,Dinner,-182
Saint Lucia (2018),SEK,Normalbelopp,524
Saint Lucia (2018),SEK,Breakfast,-78.6
Saint Lucia (2018),SEK,Lunch,-183.4
Saint Lucia (2018),SEK,Dinner,-183.4
Saint Lucia (2019),SEK,Normalbelopp,555
Saint Lucia (2019),SEK,Breakfast,-83.25
Saint Lucia (2019),SEK,Lunch,-194.25
Saint Lucia (2019),SEK,Dinner,-194.25
Saint Lucia (2020),SEK,Normalbelopp,573
Saint Lucia (2020),SEK,Breakfast,-85.95
Saint Lucia (2020),SEK,Lunch,-200.55
Saint Lucia (2020),SEK,Dinner,-200.55
Saint Vincent och Grenadinerna (2018),SEK,Normalbelopp,460
Saint Vincent och Grenadinerna (2018),SEK,Breakfast,-69
Saint Vincent och Grenadinerna (2018),SEK,Lunch,-161
Saint Vincent och Grenadinerna (2018),SEK,Dinner,-161
Saint Vincent och Grenadinerna (2019),SEK,Normalbelopp,502
Saint Vincent och Grenadinerna (2019),SEK,Breakfast,-75.3
Saint Vincent och Grenadinerna (2019),SEK,Lunch,-175.7
Saint Vincent och Grenadinerna (2019),SEK,Dinner,-175.7
Saint Vincent och Grenadinerna (2020),SEK,Normalbelopp,516
Saint Vincent och Grenadinerna (2020),SEK,Breakfast,-77.4
Saint Vincent och Grenadinerna (2020),SEK,Lunch,-180.6
Saint Vincent och Grenadinerna (2020),SEK,Dinner,-180.6
Samoa - Självständiga staten (2018),SEK,Normalbelopp,479
Samoa - Självständiga staten (2018),SEK,Breakfast,-71.85
Samoa - Självständiga staten (2018),SEK,Lunch,-167.65
Samoa - Självständiga staten (2018),SEK,Dinner,-167.65
Samoa - Självständiga staten (2019),SEK,Normalbelopp,513
Samoa - Självständiga staten (2019),SEK,Breakfast,-76.95
Samoa - Självständiga staten (2019),SEK,Lunch,-179.55
Samoa - Självständiga staten (2019),SEK,Dinner,-179.55
Samoa - Självständiga staten (2020),SEK,Normalbelopp,572
Samoa - Självständiga staten (2020),SEK,Breakfast,-85.8
Samoa - Självständiga staten (2020),SEK,Lunch,-200.2
Samoa - Självständiga staten (2020),SEK,Dinner,-200.2
San Marino (2018),SEK,Normalbelopp,540
San Marino (2018),SEK,Breakfast,-81
San Marino (2018),SEK,Lunch,-189
San Marino (2018),SEK,Dinner,-189
San Marino (2019),SEK,Normalbelopp,590
San Marino (2019),SEK,Breakfast,-88.5
San Marino (2019),SEK,Lunch,-206.5
San Marino (2019),SEK,Dinner,-206.5
San Marino (2020),SEK,Normalbelopp,627
San Marino (2020),SEK,Breakfast,-94.05
San Marino (2020),SEK,Lunch,-219.45
San Marino (2020),SEK,Dinner,-219.45
Saudiarabien (2018),SEK,Normalbelopp,568
Saudiarabien (2018),SEK,Breakfast,-85.2
Saudiarabien (2018),SEK,Lunch,-198.8
Saudiarabien (2018),SEK,Dinner,-198.8
Saudiarabien (2019),SEK,Normalbelopp,652
Saudiarabien (2019),SEK,Breakfast,-97.8
Saudiarabien (2019),SEK,Lunch,-228.2
Saudiarabien (2019),SEK,Dinner,-228.2
Saudiarabien (2020),SEK,Normalbelopp,742
Saudiarabien (2020),SEK,Breakfast,-111.3
Saudiarabien (2020),SEK,Lunch,-259.7
Saudiarabien (2020),SEK,Dinner,-259.7
Schweiz (2018),SEK,Normalbelopp,819
Schweiz (2018),SEK,Breakfast,-122.85
Schweiz (2018),SEK,Lunch,-286.65
Schweiz (2018),SEK,Dinner,-286.65
Schweiz (2019),SEK,Normalbelopp,888
Schweiz (2019),SEK,Breakfast,-133.2
Schweiz (2019),SEK,Lunch,-310.8
Schweiz (2019),SEK,Dinner,-310.8
Schweiz (2020),SEK,Normalbelopp,979
Schweiz (2020),SEK,Breakfast,-146.85
Schweiz (2020),SEK,Lunch,-342.65
Schweiz (2020),SEK,Dinner,-342.65
Senegal (2018),SEK,Normalbelopp,511
Senegal (2018),SEK,Breakfast,-76.65
Senegal (2018),SEK,Lunch,-178.85
Senegal (2018),SEK,Dinner,-178.85
Senegal (2019),SEK,Normalbelopp,539
Senegal (2019),SEK,Breakfast,-80.85
Senegal (2019),SEK,Lunch,-188.65
Senegal (2019),SEK,Dinner,-188.65
Senegal (2020),SEK,Normalbelopp,563
Senegal (2020),SEK,Breakfast,-84.45
Senegal (2020),SEK,Lunch,-197.05
Senegal (2020),SEK,Dinner,-197.05
Serbien (2018),SEK,Normalbelopp,362
Serbien (2018),SEK,Breakfast,-54.3
Serbien (2018),SEK,Lunch,-126.7
Serbien (2018),SEK,Dinner,-126.7
Serbien (2019),SEK,Normalbelopp,388
Serbien (2019),SEK,Breakfast,-58.2
Serbien (2019),SEK,Lunch,-135.8
Serbien (2019),SEK,Dinner,-135.8
Serbien (2020),SEK,Normalbelopp,395
Serbien (2020),SEK,Breakfast,-59.25
Serbien (2020),SEK,Lunch,-138.25
Serbien (2020),SEK,Dinner,-138.25
Seychellerna (2018),SEK,Normalbelopp,542
Seychellerna (2018),SEK,Breakfast,-81.3
Seychellerna (2018),SEK,Lunch,-189.7
Seychellerna (2018),SEK,Dinner,-189.7
Seychellerna (2019),SEK,Normalbelopp,620
Seychellerna (2019),SEK,Breakfast,-93
Seychellerna (2019),SEK,Lunch,-217
Seychellerna (2019),SEK,Dinner,-217
Seychellerna (2020),SEK,Normalbelopp,696
Seychellerna (2020),SEK,Breakfast,-104.4
Seychellerna (2020),SEK,Lunch,-243.6
Seychellerna (2020),SEK,Dinner,-243.6
Sierra Leone (2018),SEK,Normalbelopp,287
Sierra Leone (2018),SEK,Breakfast,-43.05
Sierra Leone (2018),SEK,Lunch,-100.45
Sierra Leone (2018),SEK,Dinner,-100.45
Sierra Leone (2019),SEK,Normalbelopp,328
Sierra Leone (2019),SEK,Breakfast,-49.2
Sierra Leone (2019),SEK,Lunch,-114.8
Sierra Leone (2019),SEK,Dinner,-114.8
Sierra Leone (2020),SEK,Normalbelopp,351
Sierra Leone (2020),SEK,Breakfast,-52.65
Sierra Leone (2020),SEK,Lunch,-122.85
Sierra Leone (2020),SEK,Dinner,-122.85
Singapore (2018),SEK,Normalbelopp,576
Singapore (2018),SEK,Breakfast,-86.4
Singapore (2018),SEK,Lunch,-201.6
Singapore (2018),SEK,Dinner,-201.6
Singapore (2019),SEK,Normalbelopp,632
Singapore (2019),SEK,Breakfast,-94.8
Singapore (2019),SEK,Lunch,-221.2
Singapore (2019),SEK,Dinner,-221.2
Singapore (2020),SEK,Normalbelopp,690
Singapore (2020),SEK,Breakfast,-103.5
Singapore (2020),SEK,Lunch,-241.5
Singapore (2020),SEK,Dinner,-241.5
Slovakien (2018),SEK,Normalbelopp,451
Slovakien (2018),SEK,Breakfast,-67.65
Slovakien (2018),SEK,Lunch,-157.85
Slovakien (2018),SEK,Dinner,-157.85
Slovakien (2019),SEK,Normalbelopp,479
Slovakien (2019),SEK,Breakfast,-71.85
Slovakien (2019),SEK,Lunch,-167.65
Slovakien (2019),SEK,Dinner,-167.65
Slovakien (2020),SEK,Normalbelopp,519
Slovakien (2020),SEK,Breakfast,-77.85
Slovakien (2020),SEK,Lunch,-181.65
Slovakien (2020),SEK,Dinner,-181.65
Slovenien (2018),SEK,Normalbelopp,463
Slovenien (2018),SEK,Breakfast,-69.45
Slovenien (2018),SEK,Lunch,-162.05
Slovenien (2018),SEK,Dinner,-162.05
Slovenien (2019),SEK,Normalbelopp,503
Slovenien (2019),SEK,Breakfast,-75.45
Slovenien (2019),SEK,Lunch,-176.05
Slovenien (2019),SEK,Dinner,-176.05
Slovenien (2020),SEK,Normalbelopp,529
Slovenien (2020),SEK,Breakfast,-79.35
Slovenien (2020),SEK,Lunch,-185.15
Slovenien (2020),SEK,Dinner,-185.15
Spanien (2018),SEK,Normalbelopp,513
Spanien (2018),SEK,Breakfast,-76.95
Spanien (2018),SEK,Lunch,-179.55
Spanien (2018),SEK,Dinner,-179.55
Spanien (2019),SEK,Normalbelopp,558
Spanien (2019),SEK,Breakfast,-83.7
Spanien (2019),SEK,Lunch,-195.3
Spanien (2019),SEK,Dinner,-195.3
Spanien (2020),SEK,Normalbelopp,615
Spanien (2020),SEK,Breakfast,-92.25
Spanien (2020),SEK,Lunch,-215.25
Spanien (2020),SEK,Dinner,-215.25
Sri Lanka (2018),SEK,Normalbelopp,283
Sri Lanka (2018),SEK,Breakfast,-42.45
Sri Lanka (2018),SEK,Lunch,-99.05
Sri Lanka (2018),SEK,Dinner,-99.05
Sri Lanka (2019),SEK,Normalbelopp,263
Sri Lanka (2019),SEK,Breakfast,-39.45
Sri Lanka (2019),SEK,Lunch,-92.05
Sri Lanka (2019),SEK,Dinner,-92.05
Sri Lanka (2020),SEK,Normalbelopp,272
Sri Lanka (2020),SEK,Breakfast,-40.8
Sri Lanka (2020),SEK,Lunch,-95.2
Sri Lanka (2020),SEK,Dinner,-95.2
Storbritannien och Nordirland (2018),SEK,Normalbelopp,655
Storbritannien och Nordirland (2018),SEK,Breakfast,-98.25
Storbritannien och Nordirland (2018),SEK,Lunch,-229.25
Storbritannien och Nordirland (2018),SEK,Dinner,-229.25
Storbritannien och Nordirland (2019),SEK,Normalbelopp,689
Storbritannien och Nordirland (2019),SEK,Breakfast,-103.35
Storbritannien och Nordirland (2019),SEK,Lunch,-241.15
Storbritannien och Nordirland (2019),SEK,Dinner,-241.15
Storbritannien och Nordirland (2020),SEK,Normalbelopp,746
Storbritannien och Nordirland (2020),SEK,Breakfast,-111.9
Storbritannien och Nordirland (2020),SEK,Lunch,-261.1
Storbritannien och Nordirland (2020),SEK,Dinner,-261.1
Sudan (2018),SEK,Normalbelopp,507
Sudan (2018),SEK,Breakfast,-76.05
Sudan (2018),SEK,Lunch,-177.45
Sudan (2018),SEK,Dinner,-177.45
Sudan (2019),SEK,Normalbelopp,230
Sudan (2019),SEK,Breakfast,-34.5
Sudan (2019),SEK,Lunch,-80.5
Sudan (2019),SEK,Dinner,-80.5
Sudan (2020),SEK,Normalbelopp,240
Sudan (2020),SEK,Breakfast,-36
Sudan (2020),SEK,Lunch,-84
Sudan (2020),SEK,Dinner,-84
Swaziland (2018),SEK,Normalbelopp,230
Swaziland (2018),SEK,Breakfast,-34.5
Swaziland (2018),SEK,Lunch,-80.5
Swaziland (2018),SEK,Dinner,-80.5
Swaziland (2019),SEK,Normalbelopp,230
Swaziland (2019),SEK,Breakfast,-34.5
Swaziland (2019),SEK,Lunch,-80.5
Swaziland (2019),SEK,Dinner,-80.5
Swaziland (2020),SEK,Normalbelopp,240
Swaziland (2020),SEK,Breakfast,-36
Swaziland (2020),SEK,Lunch,-84
Swaziland (2020),SEK,Dinner,-84
Sydafrika (2018),SEK,Normalbelopp,249
Sydafrika (2018),SEK,Breakfast,-37.35
Sydafrika (2018),SEK,Lunch,-87.15
Sydafrika (2018),SEK,Dinner,-87.15
Sydafrika (2019),SEK,Normalbelopp,262
Sydafrika (2019),SEK,Breakfast,-39.3
Sydafrika (2019),SEK,Lunch,-91.7
Sydafrika (2019),SEK,Dinner,-91.7
Sydafrika (2020),SEK,Normalbelopp,286
Sydafrika (2020),SEK,Breakfast,-42.9
Sydafrika (2020),SEK,Lunch,-100.1
Sydafrika (2020),SEK,Dinner,-100.1
Sydkorea (2018),SEK,Normalbelopp,624
Sydkorea (2018),SEK,Breakfast,-93.6
Sydkorea (2018),SEK,Lunch,-218.4
Sydkorea (2018),SEK,Dinner,-218.4
Sydkorea (2019),SEK,Normalbelopp,675
Sydkorea (2019),SEK,Breakfast,-101.25
Sydkorea (2019),SEK,Lunch,-236.25
Sydkorea (2019),SEK,Dinner,-236.25
Sydkorea (2020),SEK,Normalbelopp,696
Sydkorea (2020),SEK,Breakfast,-104.4
Sydkorea (2020),SEK,Lunch,-243.6
Sydkorea (2020),SEK,Dinner,-243.6
Taiwan (2018),SEK,Normalbelopp,465
Taiwan (2018),SEK,Breakfast,-69.75
Taiwan (2018),SEK,Lunch,-162.75
Taiwan (2018),SEK,Dinner,-162.75
Taiwan (2019),SEK,Normalbelopp,505
Taiwan (2019),SEK,Breakfast,-75.75
Taiwan (2019),SEK,Lunch,-176.75
Taiwan (2019),SEK,Dinner,-176.75
Taiwan (2020),SEK,Normalbelopp,546
Taiwan (2020),SEK,Breakfast,-81.9
Taiwan (2020),SEK,Lunch,-191.1
Taiwan (2020),SEK,Dinner,-191.1
Tanzania (2018),SEK,Normalbelopp,328
Tanzania (2018),SEK,Breakfast,-49.2
Tanzania (2018),SEK,Lunch,-114.8
Tanzania (2018),SEK,Dinner,-114.8
Tanzania (2019),SEK,Normalbelopp,349
Tanzania (2019),SEK,Breakfast,-52.35
Tanzania (2019),SEK,Lunch,-122.15
Tanzania (2019),SEK,Dinner,-122.15
Tanzania (2020),SEK,Normalbelopp,360
Tanzania (2020),SEK,Breakfast,-54
Tanzania (2020),SEK,Lunch,-126
Tanzania (2020),SEK,Dinner,-126
Thailand (2018),SEK,Normalbelopp,475
Thailand (2018),SEK,Breakfast,-71.25
Thailand (2018),SEK,Lunch,-166.25
Thailand (2018),SEK,Dinner,-166.25
Thailand (2019),SEK,Normalbelopp,525
Thailand (2019),SEK,Breakfast,-78.75
Thailand (2019),SEK,Lunch,-183.75
Thailand (2019),SEK,Dinner,-183.75
Thailand (2020),SEK,Normalbelopp,617
Thailand (2020),SEK,Breakfast,-92.55
Thailand (2020),SEK,Lunch,-215.95
Thailand (2020),SEK,Dinner,-215.95
Tjeckien (2018),SEK,Normalbelopp,388
Tjeckien (2018),SEK,Breakfast,-58.2
Tjeckien (2018),SEK,Lunch,-135.8
Tjeckien (2018),SEK,Dinner,-135.8
Tjeckien (2019),SEK,Normalbelopp,417
Tjeckien (2019),SEK,Breakfast,-62.55
Tjeckien (2019),SEK,Lunch,-145.95
Tjeckien (2019),SEK,Dinner,-145.95
Tjeckien (2020),SEK,Normalbelopp,436
Tjeckien (2020),SEK,Breakfast,-65.4
Tjeckien (2020),SEK,Lunch,-152.6
Tjeckien (2020),SEK,Dinner,-152.6
Togo (2018),SEK,Normalbelopp,438
Togo (2018),SEK,Breakfast,-65.7
Togo (2018),SEK,Lunch,-153.3
Togo (2018),SEK,Dinner,-153.3
Togo (2019),SEK,Normalbelopp,457
Togo (2019),SEK,Breakfast,-68.55
Togo (2019),SEK,Lunch,-159.95
Togo (2019),SEK,Dinner,-159.95
Togo (2020),SEK,Normalbelopp,482
Togo (2020),SEK,Breakfast,-72.3
Togo (2020),SEK,Lunch,-168.7
Togo (2020),SEK,Dinner,-168.7
Tonga (2018),SEK,Normalbelopp,380
Tonga (2018),SEK,Breakfast,-57
Tonga (2018),SEK,Lunch,-133
Tonga (2018),SEK,Dinner,-133
Tonga (2019),SEK,Normalbelopp,435
Tonga (2019),SEK,Breakfast,-65.25
Tonga (2019),SEK,Lunch,-152.25
Tonga (2019),SEK,Dinner,-152.25
Tonga (2020),SEK,Normalbelopp,455
Tonga (2020),SEK,Breakfast,-68.25
Tonga (2020),SEK,Lunch,-159.25
Tonga (2020),SEK,Dinner,-159.25
Trinidad och Tobago (2018),SEK,Normalbelopp,674
Trinidad och Tobago (2018),SEK,Breakfast,-101.1
Trinidad och Tobago (2018),SEK,Lunch,-235.9
Trinidad och Tobago (2018),SEK,Dinner,-235.9
Trinidad och Tobago (2019),SEK,Normalbelopp,728
Trinidad och Tobago (2019),SEK,Breakfast,-109.2
Trinidad och Tobago (2019),SEK,Lunch,-254.8
Trinidad och Tobago (2019),SEK,Dinner,-254.8
Trinidad och Tobago (2020),SEK,Normalbelopp,757
Trinidad och Tobago (2020),SEK,Breakfast,-113.55
Trinidad och Tobago (2020),SEK,Lunch,-264.95
Trinidad och Tobago (2020),SEK,Dinner,-264.95
Tunisien (2018),SEK,Normalbelopp,282
Tunisien (2018),SEK,Breakfast,-42.3
Tunisien (2018),SEK,Lunch,-98.7
Tunisien (2018),SEK,Dinner,-98.7
Tunisien (2019),SEK,Normalbelopp,240
Tunisien (2019),SEK,Breakfast,-36
Tunisien (2019),SEK,Lunch,-84
Tunisien (2019),SEK,Dinner,-84
Tunisien (2020),SEK,Normalbelopp,251
Tunisien (2020),SEK,Breakfast,-37.65
Tunisien (2020),SEK,Lunch,-87.85
Tunisien (2020),SEK,Dinner,-87.85
Turkiet (2018),SEK,Normalbelopp,274
Turkiet (2018),SEK,Breakfast,-41.1
Turkiet (2018),SEK,Lunch,-95.9
Turkiet (2018),SEK,Dinner,-95.9
Turkiet (2019),SEK,Normalbelopp,230
Turkiet (2019),SEK,Breakfast,-34.5
Turkiet (2019),SEK,Lunch,-80.5
Turkiet (2019),SEK,Dinner,-80.5
Turkiet (2020),SEK,Normalbelopp,251
Turkiet (2020),SEK,Breakfast,-37.65
Turkiet (2020),SEK,Lunch,-87.85
Turkiet (2020),SEK,Dinner,-87.85
Turkmenistan (2018),SEK,Normalbelopp,395
Turkmenistan (2018),SEK,Breakfast,-59.25
Turkmenistan (2018),SEK,Lunch,-138.25
Turkmenistan (2018),SEK,Dinner,-138.25
Turkmenistan (2019),SEK,Normalbelopp,473
Turkmenistan (2019),SEK,Breakfast,-70.95
Turkmenistan (2019),SEK,Lunch,-165.55
Turkmenistan (2019),SEK,Dinner,-165.55
Turkmenistan (2020),SEK,Normalbelopp,560
Turkmenistan (2020),SEK,Breakfast,-84
Turkmenistan (2020),SEK,Lunch,-196
Turkmenistan (2020),SEK,Dinner,-196
Tyskland (2018),SEK,Normalbelopp,620
Tyskland (2018),SEK,Breakfast,-93
Tyskland (2018),SEK,Lunch,-217
Tyskland (2018),SEK,Dinner,-217
Tyskland (2019),SEK,Normalbelopp,646
Tyskland (2019),SEK,Breakfast,-96.9
Tyskland (2019),SEK,Lunch,-226.1
Tyskland (2019),SEK,Dinner,-226.1
Tyskland (2020),SEK,Normalbelopp,668
Tyskland (2020),SEK,Breakfast,-100.2
Tyskland (2020),SEK,Lunch,-233.8
Tyskland (2020),SEK,Dinner,-233.8
Uganda (2018),SEK,Normalbelopp,243
Uganda (2018),SEK,Breakfast,-36.45
Uganda (2018),SEK,Lunch,-85.05
Uganda (2018),SEK,Dinner,-85.05
Uganda (2019),SEK,Normalbelopp,267
Uganda (2019),SEK,Breakfast,-40.05
Uganda (2019),SEK,Lunch,-93.45
Uganda (2019),SEK,Dinner,-93.45
Uganda (2020),SEK,Normalbelopp,321
Uganda (2020),SEK,Breakfast,-48.15
Uganda (2020),SEK,Lunch,-112.35
Uganda (2020),SEK,Dinner,-112.35
Ukraina (2018),SEK,Normalbelopp,257
Ukraina (2018),SEK,Breakfast,-38.55
Ukraina (2018),SEK,Lunch,-89.95
Ukraina (2018),SEK,Dinner,-89.95
Ukraina (2019),SEK,Normalbelopp,278
Ukraina (2019),SEK,Breakfast,-41.7
Ukraina (2019),SEK,Lunch,-97.3
Ukraina (2019),SEK,Dinner,-97.3
Ukraina (2020),SEK,Normalbelopp,356
Ukraina (2020),SEK,Breakfast,-53.4
Ukraina (2020),SEK,Lunch,-124.6
Ukraina (2020),SEK,Dinner,-124.6
Ungern (2018),SEK,Normalbelopp,393
Ungern (2018),SEK,Breakfast,-58.95
Ungern (2018),SEK,Lunch,-137.55
Ungern (2018),SEK,Dinner,-137.55
Ungern (2019),SEK,Normalbelopp,417
Ungern (2019),SEK,Breakfast,-62.55
Ungern (2019),SEK,Lunch,-145.95
Ungern (2019),SEK,Dinner,-145.95
Ungern (2020),SEK,Normalbelopp,436
Ungern (2020),SEK,Breakfast,-65.4
Ungern (2020),SEK,Lunch,-152.6
Ungern (2020),SEK,Dinner,-152.6
Uruguay (2018),SEK,Normalbelopp,503
Uruguay (2018),SEK,Breakfast,-75.45
Uruguay (2018),SEK,Lunch,-176.05
Uruguay (2018),SEK,Dinner,-176.05
Uruguay (2019),SEK,Normalbelopp,495
Uruguay (2019),SEK,Breakfast,-74.25
Uruguay (2019),SEK,Lunch,-173.25
Uruguay (2019),SEK,Dinner,-173.25
Uruguay (2020),SEK,Normalbelopp,479
Uruguay (2020),SEK,Breakfast,-71.85
Uruguay (2020),SEK,Lunch,-167.65
Uruguay (2020),SEK,Dinner,-167.65
USA (2018),SEK,Normalbelopp,689
USA (2018),SEK,Breakfast,-103.35
USA (2018),SEK,Lunch,-241.15
USA (2018),SEK,Dinner,-241.15
USA (2019),SEK,Normalbelopp,762
USA (2019),SEK,Breakfast,-114.3
USA (2019),SEK,Lunch,-266.7
USA (2019),SEK,Dinner,-266.7
USA (2020),SEK,Normalbelopp,851
USA (2020),SEK,Breakfast,-127.65
USA (2020),SEK,Lunch,-297.85
USA (2020),SEK,Dinner,-297.85
Uzbekistan (2018),SEK,Normalbelopp,230
Uzbekistan (2018),SEK,Breakfast,-34.5
Uzbekistan (2018),SEK,Lunch,-80.5
Uzbekistan (2018),SEK,Dinner,-80.5
Uzbekistan (2019),SEK,Normalbelopp,230
Uzbekistan (2019),SEK,Breakfast,-34.5
Uzbekistan (2019),SEK,Lunch,-80.5
Uzbekistan (2019),SEK,Dinner,-80.5
Uzbekistan (2020),SEK,Normalbelopp,240
Uzbekistan (2020),SEK,Breakfast,-36
Uzbekistan (2020),SEK,Lunch,-84
Uzbekistan (2020),SEK,Dinner,-84
Vanuatu (2018),SEK,Normalbelopp,587
Vanuatu (2018),SEK,Breakfast,-88.05
Vanuatu (2018),SEK,Lunch,-205.45
Vanuatu (2018),SEK,Dinner,-205.45
Vanuatu (2019),SEK,Normalbelopp,626
Vanuatu (2019),SEK,Breakfast,-93.9
Vanuatu (2019),SEK,Lunch,-219.1
Vanuatu (2019),SEK,Dinner,-219.1
Vanuatu (2020),SEK,Normalbelopp,650
Vanuatu (2020),SEK,Breakfast,-97.5
Vanuatu (2020),SEK,Lunch,-227.5
Vanuatu (2020),SEK,Dinner,-227.5
Venezuela (2020),SEK,Normalbelopp,240
Venezuela (2020),SEK,Breakfast,-36
Venezuela (2020),SEK,Lunch,-84
Venezuela (2020),SEK,Dinner,-84
Vietnam (2018),SEK,Normalbelopp,308
Vietnam (2018),SEK,Breakfast,-46.2
Vietnam (2018),SEK,Lunch,-107.8
Vietnam (2018),SEK,Dinner,-107.8
Vietnam (2019),SEK,Normalbelopp,333
Vietnam (2019),SEK,Breakfast,-49.95
Vietnam (2019),SEK,Lunch,-116.55
Vietnam (2019),SEK,Dinner,-116.55
Vietnam (2020),SEK,Normalbelopp,374
Vietnam (2020),SEK,Breakfast,-56.1
Vietnam (2020),SEK,Lunch,-130.9
Vietnam (2020),SEK,Dinner,-130.9
Vitryssland (2018),SEK,Normalbelopp,230
Vitryssland (2018),SEK,Breakfast,-34.5
Vitryssland (2018),SEK,Lunch,-80.5
Vitryssland (2018),SEK,Dinner,-80.5
Vitryssland (2019),SEK,Normalbelopp,233
Vitryssland (2019),SEK,Breakfast,-34.95
Vitryssland (2019),SEK,Lunch,-81.55
Vitryssland (2019),SEK,Dinner,-81.55
Vitryssland (2020),SEK,Normalbelopp,271
Vitryssland (2020),SEK,Breakfast,-40.65
Vitryssland (2020),SEK,Lunch,-94.85
Vitryssland (2020),SEK,Dinner,-94.85
Zambia (2018),SEK,Normalbelopp,355
Zambia (2018),SEK,Breakfast,-53.25
Zambia (2018),SEK,Lunch,-124.25
Zambia (2018),SEK,Dinner,-124.25
Zambia (2019),SEK,Normalbelopp,295
Zambia (2019),SEK,Breakfast,-44.25
Zambia (2019),SEK,Lunch,-103.25
Zambia (2019),SEK,Dinner,-103.25
Zambia (2020),SEK,Normalbelopp,260
Zambia (2020),SEK,Breakfast,-39
Zambia (2020),SEK,Lunch,-91
Zambia (2020),SEK,Dinner,-91
Zimbabwe (2018),SEK,Normalbelopp,511
Zimbabwe (2018),SEK,Breakfast,-76.65
Zimbabwe (2018),SEK,Lunch,-178.85
Zimbabwe (2018),SEK,Dinner,-178.85
Zimbabwe (2019),SEK,Normalbelopp,561
Zimbabwe (2019),SEK,Breakfast,-84.15
Zimbabwe (2019),SEK,Lunch,-196.35
Zimbabwe (2019),SEK,Dinner,-196.35
Zimbabwe (2020),SEK,Normalbelopp,487
Zimbabwe (2020),SEK,Breakfast,-73.05
Zimbabwe (2020),SEK,Lunch,-170.45
Zimbabwe (2020),SEK,Dinner,-170.45